global_episode,phase,episode,env_seed,agent,episode_reward,failure_mode,rho_state
0,1,0,960941037,LevoParadoxPPOHybrid,1.3,neutral,0.4752805233001709
1,1,1,2135581874,LevoParadoxPPOHybrid,1.3,neutral,0.47838863730430603
2,1,2,2131554306,LevoParadoxPPOHybrid,0.0,neutral,0.47702598571777344
3,1,3,820359671,LevoParadoxPPOHybrid,1.2,neutral,0.4746558368206024
4,1,4,2047814545,LevoParadoxPPOHybrid,0.0,neutral,0.47702598571777344
5,1,5,1776286830,LevoParadoxPPOHybrid,1.2,neutral,0.4746558368206024
6,1,6,1373214917,LevoParadoxPPOHybrid,1.2,neutral,0.4743559956550598
7,1,7,1797992013,LevoParadoxPPOHybrid,0.0,neutral,0.4752705693244934
8,1,8,1645535739,LevoParadoxPPOHybrid,1.2,neutral,0.4746558368206024
9,1,9,2095533891,LevoParadoxPPOHybrid,0.0,neutral,0.4752805233001709
10,1,10,829401385,LevoParadoxPPOHybrid,0.0,neutral,0.48266562819480896
11,1,11,165839486,LevoParadoxPPOHybrid,0.0,neutral,0.4784092605113983
12,1,12,976680886,LevoParadoxPPOHybrid,-2.0,overconfident,0.4743559956550598
13,1,13,681732448,LevoParadoxPPOHybrid,0.0,neutral,0.48266562819480896
14,1,14,1046126860,LevoParadoxPPOHybrid,1.3,neutral,0.4752705693244934
15,1,15,1974730198,LevoParadoxPPOHybrid,0.0,neutral,0.4789677560329437
16,1,16,2073558604,LevoParadoxPPOHybrid,1.3,neutral,0.47702598571777344
17,1,17,1451418837,LevoParadoxPPOHybrid,0.0,neutral,0.4780098497867584
18,1,18,1365011226,LevoParadoxPPOHybrid,1.3,neutral,0.47567713260650635
19,1,19,613804374,LevoParadoxPPOHybrid,0.0,neutral,0.47656360268592834
20,1,20,32280267,LevoParadoxPPOHybrid,0.0,neutral,0.4780098497867584
21,1,21,836537275,LevoParadoxPPOHybrid,0.0,neutral,0.4784092605113983
22,1,22,975647501,LevoParadoxPPOHybrid,-0.8,overcautious,0.4810570776462555
23,1,23,494392738,LevoParadoxPPOHybrid,1.3,neutral,0.47838863730430603
24,1,24,1706901824,LevoParadoxPPOHybrid,0.0,neutral,0.4784092605113983
25,1,25,358546340,LevoParadoxPPOHybrid,1.3,neutral,0.4752705693244934
26,1,26,1030268022,LevoParadoxPPOHybrid,0.0,neutral,0.4743559956550598
27,1,27,329502221,LevoParadoxPPOHybrid,2.5,neutral,0.4768047034740448
28,1,28,746578914,LevoParadoxPPOHybrid,0.0,neutral,0.4752705693244934
29,1,29,2091845998,LevoParadoxPPOHybrid,0.0,neutral,0.4784092605113983
30,1,30,1436029081,LevoParadoxPPOHybrid,0.0,neutral,0.48266562819480896
31,1,31,910309404,LevoParadoxPPOHybrid,0.0,neutral,0.4772508144378662
32,1,32,472048561,LevoParadoxPPOHybrid,0.0,neutral,0.47567713260650635
33,1,33,135600480,LevoParadoxPPOHybrid,0.0,neutral,0.4772508144378662
34,1,34,1892894588,LevoParadoxPPOHybrid,1.3,neutral,0.47656360268592834
35,1,35,1055673936,LevoParadoxPPOHybrid,1.2,neutral,0.4746558368206024
36,1,36,1340667110,LevoParadoxPPOHybrid,-2.0,overconfident,0.47555792331695557
37,1,37,619212679,LevoParadoxPPOHybrid,-2.0,overconfident,0.4743559956550598
38,1,38,120545107,LevoParadoxPPOHybrid,0.0,neutral,0.47838863730430603
39,1,39,454442609,LevoParadoxPPOHybrid,-0.8,overcautious,0.4768047034740448
40,1,40,295287540,LevoParadoxPPOHybrid,1.2,neutral,0.4746558368206024
41,1,41,445457645,LevoParadoxPPOHybrid,1.3,neutral,0.4784092605113983
42,1,42,307622279,LevoParadoxPPOHybrid,1.3,neutral,0.4789677560329437
43,1,43,1243437117,LevoParadoxPPOHybrid,0.0,neutral,0.4789677560329437
44,1,44,244133596,LevoParadoxPPOHybrid,0.0,neutral,0.4752805233001709
45,1,45,1268841274,LevoParadoxPPOHybrid,0.0,neutral,0.4780098497867584
46,1,46,1225761364,LevoParadoxPPOHybrid,0.0,neutral,0.47656360268592834
47,1,47,1907103971,LevoParadoxPPOHybrid,0.0,neutral,0.48266562819480896
48,1,48,1034799201,LevoParadoxPPOHybrid,0.0,neutral,0.4752805233001709
49,1,49,235864475,LevoParadoxPPOHybrid,1.2,neutral,0.4746558368206024
50,1,50,691379092,LevoParadoxPPOHybrid,-2.0,overconfident,0.47555792331695557
51,1,51,1065800727,LevoParadoxPPOHybrid,-0.8,overcautious,0.4810570776462555
52,1,52,655184241,LevoParadoxPPOHybrid,-2.0,overconfident,0.4746558368206024
53,1,53,623054291,LevoParadoxPPOHybrid,0.0,neutral,0.4810570776462555
54,1,54,540036626,LevoParadoxPPOHybrid,0.0,neutral,0.4768047034740448
55,1,55,1043358048,LevoParadoxPPOHybrid,0.0,neutral,0.47555792331695557
56,1,56,1932965406,LevoParadoxPPOHybrid,1.3,neutral,0.48266562819480896
57,1,57,2036930070,LevoParadoxPPOHybrid,0.0,neutral,0.4752705693244934
58,1,58,1526743940,LevoParadoxPPOHybrid,0.0,neutral,0.4752705693244934
59,1,59,1989662969,LevoParadoxPPOHybrid,-0.8,overcautious,0.4768047034740448
60,1,60,2139514329,LevoParadoxPPOHybrid,0.0,neutral,0.47838863730430603
61,1,61,1632303898,LevoParadoxPPOHybrid,1.3,neutral,0.4789677560329437
62,1,62,1850997508,LevoParadoxPPOHybrid,0.0,neutral,0.47656360268592834
63,1,63,1679388031,LevoParadoxPPOHybrid,1.3,neutral,0.4784092605113983
64,1,64,994656789,LevoParadoxPPOHybrid,1.3,neutral,0.47567713260650635
65,1,65,596802772,LevoParadoxPPOHybrid,0.0,neutral,0.47656360268592834
66,1,66,2022213408,LevoParadoxPPOHybrid,0.0,neutral,0.4810570776462555
67,1,67,1111583775,LevoParadoxPPOHybrid,0.0,neutral,0.47555792331695557
68,1,68,243487825,LevoParadoxPPOHybrid,1.3,neutral,0.47656360268592834
69,1,69,1727825584,LevoParadoxPPOHybrid,0.0,neutral,0.4810570776462555
70,1,70,138221208,LevoParadoxPPOHybrid,0.0,neutral,0.4789677560329437
71,1,71,1644995000,LevoParadoxPPOHybrid,0.0,neutral,0.4746558368206024
72,1,72,609184021,LevoParadoxPPOHybrid,0.0,neutral,0.4752805233001709
73,1,73,1231929388,LevoParadoxPPOHybrid,1.2,neutral,0.47555792331695557
74,1,74,1344075265,LevoParadoxPPOHybrid,0.0,neutral,0.4740993082523346
75,1,75,1828410100,LevoParadoxPPOHybrid,-2.0,overconfident,0.4746558368206024
76,1,76,2048576691,LevoParadoxPPOHybrid,-2.0,overconfident,0.4743559956550598
77,1,77,1829711174,LevoParadoxPPOHybrid,0.0,neutral,0.47656360268592834
78,1,78,993502358,LevoParadoxPPOHybrid,0.0,neutral,0.47656360268592834
79,1,79,796970628,LevoParadoxPPOHybrid,-0.8,overcautious,0.4768047034740448
80,1,80,1037953041,LevoParadoxPPOHybrid,0.0,neutral,0.47702598571777344
81,1,81,981620733,LevoParadoxPPOHybrid,1.3,neutral,0.47702598571777344
82,1,82,729569317,LevoParadoxPPOHybrid,0.0,neutral,0.4768047034740448
83,1,83,646784317,LevoParadoxPPOHybrid,-2.0,overconfident,0.4743559956550598
84,1,84,740999785,LevoParadoxPPOHybrid,1.3,neutral,0.47702598571777344
85,1,85,1740597160,LevoParadoxPPOHybrid,0.0,neutral,0.4746558368206024
86,1,86,661906414,LevoParadoxPPOHybrid,0.0,neutral,0.47838863730430603
87,1,87,1060388906,LevoParadoxPPOHybrid,1.3,neutral,0.4789677560329437
88,1,88,359430184,LevoParadoxPPOHybrid,2.5,neutral,0.4758386015892029
89,1,89,1208987810,LevoParadoxPPOHybrid,0.0,neutral,0.4780098497867584
90,1,90,2009099257,LevoParadoxPPOHybrid,0.0,neutral,0.4780098497867584
91,1,91,1034716133,LevoParadoxPPOHybrid,0.0,neutral,0.47656360268592834
92,1,92,868969428,LevoParadoxPPOHybrid,-2.0,overconfident,0.47555792331695557
93,1,93,545077016,LevoParadoxPPOHybrid,2.5,neutral,0.4758386015892029
94,1,94,618241786,LevoParadoxPPOHybrid,1.3,neutral,0.4780098497867584
95,1,95,2112109137,LevoParadoxPPOHybrid,-0.8,overcautious,0.4758386015892029
96,1,96,300763006,LevoParadoxPPOHybrid,0.0,neutral,0.4740993082523346
97,1,97,1182747845,LevoParadoxPPOHybrid,0.0,neutral,0.47838863730430603
98,1,98,997933218,LevoParadoxPPOHybrid,0.0,neutral,0.4784092605113983
99,1,99,2082537479,LevoParadoxPPOHybrid,0.0,neutral,0.47702598571777344
100,1,100,948374647,LevoParadoxPPOHybrid,1.3,neutral,0.4772508144378662
101,1,101,484158897,LevoParadoxPPOHybrid,0.0,neutral,0.4789677560329437
102,1,102,1023803420,LevoParadoxPPOHybrid,2.5,neutral,0.4758386015892029
103,1,103,1933155352,LevoParadoxPPOHybrid,-0.8,overcautious,0.4758386015892029
104,1,104,531436601,LevoParadoxPPOHybrid,0.0,neutral,0.47567713260650635
105,1,105,693213698,LevoParadoxPPOHybrid,0.0,neutral,0.48266562819480896
106,1,106,1411219987,LevoParadoxPPOHybrid,-0.8,overcautious,0.4810570776462555
107,1,107,707739816,LevoParadoxPPOHybrid,1.3,neutral,0.47702598571777344
108,1,108,7444596,LevoParadoxPPOHybrid,1.3,neutral,0.47702598571777344
109,1,109,1531464733,LevoParadoxPPOHybrid,0.0,neutral,0.4752705693244934
110,1,110,1407225246,LevoParadoxPPOHybrid,0.0,neutral,0.47567713260650635
111,1,111,1617971802,LevoParadoxPPOHybrid,0.0,neutral,0.4758386015892029
112,1,112,1856904126,LevoParadoxPPOHybrid,1.3,neutral,0.47656360268592834
113,1,113,2080438781,LevoParadoxPPOHybrid,-2.0,overconfident,0.4743559956550598
114,1,114,92845013,LevoParadoxPPOHybrid,1.3,neutral,0.4752705693244934
115,1,115,2051487433,LevoParadoxPPOHybrid,0.0,neutral,0.4752805233001709
116,1,116,1625881056,LevoParadoxPPOHybrid,0.0,neutral,0.4780098497867584
117,1,117,1999467027,LevoParadoxPPOHybrid,0.0,neutral,0.4772508144378662
118,1,118,759769092,LevoParadoxPPOHybrid,2.5,neutral,0.4768047034740448
119,1,119,1368848130,LevoParadoxPPOHybrid,0.0,neutral,0.4740993082523346
120,1,120,2079957582,LevoParadoxPPOHybrid,1.3,neutral,0.4752705693244934
121,1,121,858968924,LevoParadoxPPOHybrid,1.3,neutral,0.47656360268592834
122,1,122,2037278180,LevoParadoxPPOHybrid,0.0,neutral,0.47656360268592834
123,1,123,301224287,LevoParadoxPPOHybrid,-0.8,overcautious,0.4810570776462555
124,1,124,595106119,LevoParadoxPPOHybrid,0.0,neutral,0.47656360268592834
125,1,125,830628267,LevoParadoxPPOHybrid,0.0,neutral,0.4740993082523346
126,1,126,2056643707,LevoParadoxPPOHybrid,1.3,neutral,0.47838863730430603
127,1,127,676826452,LevoParadoxPPOHybrid,0.0,neutral,0.4772508144378662
128,1,128,1391976925,LevoParadoxPPOHybrid,-0.8,overcautious,0.4810570776462555
129,1,129,1312449805,LevoParadoxPPOHybrid,-2.0,overconfident,0.4743559956550598
130,1,130,441735078,LevoParadoxPPOHybrid,0.0,neutral,0.4810570776462555
131,1,131,1198114699,LevoParadoxPPOHybrid,0.0,neutral,0.4789677560329437
132,1,132,1177544228,LevoParadoxPPOHybrid,0.0,neutral,0.48266562819480896
133,1,133,235682355,LevoParadoxPPOHybrid,0.0,neutral,0.47838863730430603
134,1,134,594730155,LevoParadoxPPOHybrid,2.5,neutral,0.4768047034740448
135,1,135,1031283908,LevoParadoxPPOHybrid,0.0,neutral,0.4743559956550598
136,1,136,1468565562,LevoParadoxPPOHybrid,0.0,neutral,0.47567713260650635
137,1,137,1799515670,LevoParadoxPPOHybrid,1.2,neutral,0.47555792331695557
138,1,138,1374703813,LevoParadoxPPOHybrid,0.0,neutral,0.48266562819480896
139,1,139,1412669082,LevoParadoxPPOHybrid,0.0,neutral,0.4772508144378662
140,1,140,342509991,LevoParadoxPPOHybrid,0.0,neutral,0.4752705693244934
141,1,141,129641700,LevoParadoxPPOHybrid,1.2,neutral,0.47555792331695557
142,1,142,1979539584,LevoParadoxPPOHybrid,0.0,neutral,0.4746558368206024
143,1,143,181563758,LevoParadoxPPOHybrid,0.0,neutral,0.4789677560329437
144,1,144,2121376515,LevoParadoxPPOHybrid,1.3,neutral,0.47702598571777344
145,1,145,359483640,LevoParadoxPPOHybrid,-2.0,overconfident,0.47555792331695557
146,1,146,1009660805,LevoParadoxPPOHybrid,1.3,neutral,0.47702598571777344
147,1,147,1772095163,LevoParadoxPPOHybrid,-0.8,overcautious,0.4768047034740448
148,1,148,793047113,LevoParadoxPPOHybrid,0.0,neutral,0.4752705693244934
149,1,149,2123812620,LevoParadoxPPOHybrid,1.2,neutral,0.47555792331695557
150,1,150,160023209,LevoParadoxPPOHybrid,-2.0,overconfident,0.47555792331695557
151,1,151,883833601,LevoParadoxPPOHybrid,0.0,neutral,0.4784092605113983
152,1,152,1345236526,LevoParadoxPPOHybrid,0.0,neutral,0.4784092605113983
153,1,153,2123563640,LevoParadoxPPOHybrid,1.3,neutral,0.4740993082523346
154,1,154,1188897582,LevoParadoxPPOHybrid,0.0,neutral,0.4752705693244934
155,1,155,1835296655,LevoParadoxPPOHybrid,1.3,neutral,0.47567713260650635
156,1,156,263292300,LevoParadoxPPOHybrid,0.0,neutral,0.47702598571777344
157,1,157,339487389,LevoParadoxPPOHybrid,0.0,neutral,0.4740993082523346
158,1,158,640187192,LevoParadoxPPOHybrid,2.5,neutral,0.4758386015892029
159,1,159,1603617236,LevoParadoxPPOHybrid,0.0,neutral,0.48266562819480896
160,1,160,437479272,LevoParadoxPPOHybrid,-0.8,overcautious,0.4768047034740448
161,1,161,1297938304,LevoParadoxPPOHybrid,0.0,neutral,0.4752805233001709
162,1,162,1736782144,LevoParadoxPPOHybrid,0.0,neutral,0.4740993082523346
163,1,163,1188005741,LevoParadoxPPOHybrid,0.0,neutral,0.4772508144378662
164,1,164,1925962876,LevoParadoxPPOHybrid,1.3,neutral,0.4772508144378662
165,1,165,1419686978,LevoParadoxPPOHybrid,1.3,neutral,0.47567713260650635
166,1,166,113085408,LevoParadoxPPOHybrid,0.0,neutral,0.4772508144378662
167,1,167,2107650812,LevoParadoxPPOHybrid,0.0,neutral,0.4740993082523346
168,1,168,1556544035,LevoParadoxPPOHybrid,0.0,neutral,0.4789677560329437
169,1,169,409268109,LevoParadoxPPOHybrid,0.0,neutral,0.47656360268592834
170,1,170,1707984479,LevoParadoxPPOHybrid,0.0,neutral,0.47838863730430603
171,1,171,2028373425,LevoParadoxPPOHybrid,0.0,neutral,0.4789677560329437
172,1,172,1712063860,LevoParadoxPPOHybrid,0.0,neutral,0.48266562819480896
173,1,173,729831432,LevoParadoxPPOHybrid,0.0,neutral,0.4780098497867584
174,1,174,1945712103,LevoParadoxPPOHybrid,0.0,neutral,0.4810570776462555
175,1,175,1662118687,LevoParadoxPPOHybrid,1.3,neutral,0.4784092605113983
176,1,176,1263277082,LevoParadoxPPOHybrid,0.0,neutral,0.4752705693244934
177,1,177,600780774,LevoParadoxPPOHybrid,0.0,neutral,0.47567713260650635
178,1,178,389237547,LevoParadoxPPOHybrid,1.3,neutral,0.4752705693244934
179,1,179,531352528,LevoParadoxPPOHybrid,0.0,neutral,0.4740993082523346
180,1,180,308998320,LevoParadoxPPOHybrid,1.2,neutral,0.47555792331695557
181,1,181,133112608,LevoParadoxPPOHybrid,0.0,neutral,0.47702598571777344
182,1,182,1335500866,LevoParadoxPPOHybrid,0.0,neutral,0.47656360268592834
183,1,183,1455247303,LevoParadoxPPOHybrid,2.5,neutral,0.4758386015892029
184,1,184,818574077,LevoParadoxPPOHybrid,-2.0,overconfident,0.4746558368206024
185,1,185,783962675,LevoParadoxPPOHybrid,0.0,neutral,0.4743559956550598
186,1,186,181722168,LevoParadoxPPOHybrid,-0.8,overcautious,0.4768047034740448
187,1,187,922465315,LevoParadoxPPOHybrid,1.3,neutral,0.47567713260650635
188,1,188,1058682574,LevoParadoxPPOHybrid,0.0,neutral,0.4784092605113983
189,1,189,2126397323,LevoParadoxPPOHybrid,0.0,neutral,0.4752805233001709
190,1,190,23796221,LevoParadoxPPOHybrid,0.0,neutral,0.4743559956550598
191,1,191,677074079,LevoParadoxPPOHybrid,0.0,neutral,0.4810570776462555
192,1,192,1977263236,LevoParadoxPPOHybrid,-2.0,overconfident,0.47555792331695557
193,1,193,1768875981,LevoParadoxPPOHybrid,0.0,neutral,0.47838863730430603
194,1,194,1212545188,LevoParadoxPPOHybrid,2.5,neutral,0.4758386015892029
195,1,195,1186674390,LevoParadoxPPOHybrid,1.3,neutral,0.47656360268592834
196,1,196,1056632766,LevoParadoxPPOHybrid,0.0,neutral,0.4752805233001709
197,1,197,268535661,LevoParadoxPPOHybrid,1.3,neutral,0.4752705693244934
198,1,198,888167157,LevoParadoxPPOHybrid,1.2,neutral,0.4743559956550598
199,1,199,530391691,LevoParadoxPPOHybrid,1.3,neutral,0.48266562819480896
200,1,200,50594990,LevoParadoxPPOHybrid,2.5,neutral,0.4758386015892029
201,1,201,222395105,LevoParadoxPPOHybrid,-2.0,overconfident,0.47555792331695557
202,1,202,287284573,LevoParadoxPPOHybrid,0.0,neutral,0.4752705693244934
203,1,203,514973304,LevoParadoxPPOHybrid,0.0,neutral,0.4752705693244934
204,1,204,1909475802,LevoParadoxPPOHybrid,-0.8,overcautious,0.4810570776462555
205,1,205,1879525266,LevoParadoxPPOHybrid,-2.0,overconfident,0.4743559956550598
206,1,206,1420380137,LevoParadoxPPOHybrid,-0.8,overcautious,0.4810570776462555
207,1,207,1737331410,LevoParadoxPPOHybrid,0.0,neutral,0.4789677560329437
208,1,208,1064923684,LevoParadoxPPOHybrid,0.0,neutral,0.47567713260650635
209,1,209,1238273317,LevoParadoxPPOHybrid,0.0,neutral,0.4789677560329437
210,1,210,144185798,LevoParadoxPPOHybrid,1.3,neutral,0.48266562819480896
211,1,211,575162410,LevoParadoxPPOHybrid,0.0,neutral,0.4780098497867584
212,1,212,707283582,LevoParadoxPPOHybrid,-0.8,overcautious,0.4758386015892029
213,1,213,1405835406,LevoParadoxPPOHybrid,0.0,neutral,0.4740993082523346
214,1,214,789235422,LevoParadoxPPOHybrid,0.0,neutral,0.47567713260650635
215,1,215,1388271326,LevoParadoxPPOHybrid,0.0,neutral,0.4752805233001709
216,1,216,1865718892,LevoParadoxPPOHybrid,0.0,neutral,0.47567713260650635
217,1,217,1293915651,LevoParadoxPPOHybrid,0.0,neutral,0.47567713260650635
218,1,218,1428150647,LevoParadoxPPOHybrid,0.0,neutral,0.4810570776462555
219,1,219,19248056,LevoParadoxPPOHybrid,-0.8,overcautious,0.4758386015892029
220,1,220,491031830,LevoParadoxPPOHybrid,1.3,neutral,0.47567713260650635
221,1,221,636126198,LevoParadoxPPOHybrid,1.3,neutral,0.4789677560329437
222,1,222,456728828,LevoParadoxPPOHybrid,0.0,neutral,0.4743559956550598
223,1,223,966697912,LevoParadoxPPOHybrid,0.0,neutral,0.47555792331695557
224,1,224,1166498720,LevoParadoxPPOHybrid,0.0,neutral,0.47656360268592834
225,1,225,1571014065,LevoParadoxPPOHybrid,2.5,neutral,0.4768047034740448
226,1,226,714126436,LevoParadoxPPOHybrid,0.0,neutral,0.47567713260650635
227,1,227,1206418342,LevoParadoxPPOHybrid,0.0,neutral,0.47656360268592834
228,1,228,1372090007,LevoParadoxPPOHybrid,-2.0,overconfident,0.4743559956550598
229,1,229,769009050,LevoParadoxPPOHybrid,2.5,neutral,0.4758386015892029
230,1,230,1353001314,LevoParadoxPPOHybrid,0.0,neutral,0.47702598571777344
231,1,231,1733327736,LevoParadoxPPOHybrid,1.3,neutral,0.4752705693244934
232,1,232,638285556,LevoParadoxPPOHybrid,1.3,neutral,0.48266562819480896
233,1,233,988454733,LevoParadoxPPOHybrid,0.0,neutral,0.4784092605113983
234,1,234,1459581848,LevoParadoxPPOHybrid,0.0,neutral,0.47567713260650635
235,1,235,1106839428,LevoParadoxPPOHybrid,1.2,neutral,0.47555792331695557
236,1,236,388494700,LevoParadoxPPOHybrid,-2.0,overconfident,0.47555792331695557
237,1,237,1441804184,LevoParadoxPPOHybrid,0.0,neutral,0.4789677560329437
238,1,238,683008548,LevoParadoxPPOHybrid,1.3,neutral,0.4784092605113983
239,1,239,557447257,LevoParadoxPPOHybrid,0.0,neutral,0.4789677560329437
240,1,240,1553434256,LevoParadoxPPOHybrid,-2.0,overconfident,0.4746558368206024
241,1,241,1196216329,LevoParadoxPPOHybrid,0.0,neutral,0.4740993082523346
242,1,242,205445195,LevoParadoxPPOHybrid,0.0,neutral,0.47567713260650635
243,1,243,138987130,LevoParadoxPPOHybrid,1.3,neutral,0.48266562819480896
244,1,244,1601279830,LevoParadoxPPOHybrid,0.0,neutral,0.4752805233001709
245,1,245,523497866,LevoParadoxPPOHybrid,0.0,neutral,0.4768047034740448
246,1,246,1681903654,LevoParadoxPPOHybrid,1.3,neutral,0.4772508144378662
247,1,247,1447758672,LevoParadoxPPOHybrid,0.0,neutral,0.4784092605113983
248,1,248,1263090791,LevoParadoxPPOHybrid,0.0,neutral,0.4746558368206024
249,1,249,2069934169,LevoParadoxPPOHybrid,1.3,neutral,0.4752705693244934
250,1,250,1175589659,LevoParadoxPPOHybrid,0.0,neutral,0.4746558368206024
251,1,251,792436927,LevoParadoxPPOHybrid,1.3,neutral,0.4789677560329437
252,1,252,77793463,LevoParadoxPPOHybrid,1.3,neutral,0.47567713260650635
253,1,253,1178447001,LevoParadoxPPOHybrid,0.0,neutral,0.4752805233001709
254,1,254,1867902247,LevoParadoxPPOHybrid,1.3,neutral,0.47702598571777344
255,1,255,1132483487,LevoParadoxPPOHybrid,0.0,neutral,0.48266562819480896
256,1,256,1108550737,LevoParadoxPPOHybrid,0.0,neutral,0.4818275570869446
257,1,257,761845810,LevoParadoxPPOHybrid,0.0,neutral,0.47729626297950745
258,1,258,2026103214,LevoParadoxPPOHybrid,-0.8,overcautious,0.4782043993473053
259,1,259,1320383576,LevoParadoxPPOHybrid,-0.8,overcautious,0.4782043993473053
260,1,260,165278918,LevoParadoxPPOHybrid,1.2,neutral,0.4783268868923187
261,1,261,1264440670,LevoParadoxPPOHybrid,-0.8,overcautious,0.4791228175163269
262,1,262,859892894,LevoParadoxPPOHybrid,1.3,neutral,0.48010820150375366
263,1,263,411458685,LevoParadoxPPOHybrid,0.0,neutral,0.479666531085968
264,1,264,1931263994,LevoParadoxPPOHybrid,0.0,neutral,0.4829937219619751
265,1,265,213511530,LevoParadoxPPOHybrid,2.5,neutral,0.48367613554000854
266,1,266,1137608613,LevoParadoxPPOHybrid,-2.0,overconfident,0.4773579239845276
267,1,267,843567272,LevoParadoxPPOHybrid,0.0,neutral,0.4863224923610687
268,1,268,11175988,LevoParadoxPPOHybrid,0.0,neutral,0.48010820150375366
269,1,269,687107894,LevoParadoxPPOHybrid,1.3,neutral,0.47729626297950745
270,1,270,291918902,LevoParadoxPPOHybrid,-0.8,overcautious,0.4782043993473053
271,1,271,1087591275,LevoParadoxPPOHybrid,-0.8,overcautious,0.4782043993473053
272,1,272,1813734633,LevoParadoxPPOHybrid,0.0,neutral,0.4791228175163269
273,1,273,461816730,LevoParadoxPPOHybrid,0.0,neutral,0.4818275570869446
274,1,274,441050625,LevoParadoxPPOHybrid,0.0,neutral,0.4863224923610687
275,1,275,2141182885,LevoParadoxPPOHybrid,0.0,neutral,0.4808143377304077
276,1,276,749647573,LevoParadoxPPOHybrid,-0.8,overcautious,0.4791228175163269
277,1,277,702601389,LevoParadoxPPOHybrid,1.3,neutral,0.4818275570869446
278,1,278,500813039,LevoParadoxPPOHybrid,1.3,neutral,0.4829937219619751
279,1,279,1327850191,LevoParadoxPPOHybrid,0.0,neutral,0.4788035750389099
280,1,280,1479353871,LevoParadoxPPOHybrid,0.0,neutral,0.48367613554000854
281,1,281,875883029,LevoParadoxPPOHybrid,-0.8,overcautious,0.4791228175163269
282,1,282,956514865,LevoParadoxPPOHybrid,0.0,neutral,0.4773579239845276
283,1,283,140168808,LevoParadoxPPOHybrid,2.5,neutral,0.48367613554000854
284,1,284,2023927855,LevoParadoxPPOHybrid,0.0,neutral,0.4777975380420685
285,1,285,1850097089,LevoParadoxPPOHybrid,0.0,neutral,0.48010820150375366
286,1,286,366267895,LevoParadoxPPOHybrid,1.3,neutral,0.48010820150375366
287,1,287,833125277,LevoParadoxPPOHybrid,0.0,neutral,0.48244643211364746
288,1,288,1062058470,LevoParadoxPPOHybrid,-0.8,overcautious,0.48367613554000854
289,1,289,755011055,LevoParadoxPPOHybrid,1.3,neutral,0.4805646538734436
290,1,290,1193341725,LevoParadoxPPOHybrid,0.0,neutral,0.4784007668495178
291,1,291,47566427,LevoParadoxPPOHybrid,1.3,neutral,0.4829937219619751
292,1,292,1480907230,LevoParadoxPPOHybrid,1.3,neutral,0.4818275570869446
293,1,293,1193747826,LevoParadoxPPOHybrid,0.0,neutral,0.4863224923610687
294,1,294,188056822,LevoParadoxPPOHybrid,1.3,neutral,0.479666531085968
295,1,295,2058188731,LevoParadoxPPOHybrid,1.3,neutral,0.4784007668495178
296,1,296,131903334,LevoParadoxPPOHybrid,2.5,neutral,0.48367613554000854
297,1,297,2023999375,LevoParadoxPPOHybrid,0.0,neutral,0.4782043993473053
298,1,298,14284283,LevoParadoxPPOHybrid,1.3,neutral,0.4829937219619751
299,1,299,430728515,LevoParadoxPPOHybrid,1.3,neutral,0.4818275570869446
300,1,300,1773637227,LevoParadoxPPOHybrid,0.0,neutral,0.4784007668495178
301,1,301,1447643177,LevoParadoxPPOHybrid,2.5,neutral,0.4791228175163269
302,1,302,980890604,LevoParadoxPPOHybrid,-0.8,overcautious,0.4791228175163269
303,1,303,1738676116,LevoParadoxPPOHybrid,2.5,neutral,0.48367613554000854
304,1,304,202567723,LevoParadoxPPOHybrid,1.3,neutral,0.479666531085968
305,1,305,1153805088,LevoParadoxPPOHybrid,1.2,neutral,0.4783268868923187
306,1,306,972971566,LevoParadoxPPOHybrid,-2.0,overconfident,0.4783268868923187
307,1,307,1472596543,LevoParadoxPPOHybrid,-0.8,overcautious,0.48367613554000854
308,1,308,1472317967,LevoParadoxPPOHybrid,1.3,neutral,0.48244643211364746
309,1,309,215008918,LevoParadoxPPOHybrid,0.0,neutral,0.4818275570869446
310,1,310,1105771947,LevoParadoxPPOHybrid,0.0,neutral,0.48244643211364746
311,1,311,652569339,LevoParadoxPPOHybrid,0.0,neutral,0.4805646538734436
312,1,312,1726057777,LevoParadoxPPOHybrid,-0.8,overcautious,0.48367613554000854
313,1,313,1485944499,LevoParadoxPPOHybrid,1.3,neutral,0.48244643211364746
314,1,314,294205674,LevoParadoxPPOHybrid,0.0,neutral,0.479666531085968
315,1,315,1016871026,LevoParadoxPPOHybrid,0.0,neutral,0.4783268868923187
316,1,316,1168910589,LevoParadoxPPOHybrid,0.0,neutral,0.48010820150375366
317,1,317,1517292813,LevoParadoxPPOHybrid,0.0,neutral,0.4863224923610687
318,1,318,2030522066,LevoParadoxPPOHybrid,-0.8,overcautious,0.4782043993473053
319,1,319,959589186,LevoParadoxPPOHybrid,1.2,neutral,0.4773579239845276
320,1,320,590193953,LevoParadoxPPOHybrid,1.3,neutral,0.479666531085968
321,1,321,675005705,LevoParadoxPPOHybrid,0.0,neutral,0.4777975380420685
322,1,322,925232956,LevoParadoxPPOHybrid,0.0,neutral,0.4784007668495178
323,1,323,1408472699,LevoParadoxPPOHybrid,-0.8,overcautious,0.4791228175163269
324,1,324,859189252,LevoParadoxPPOHybrid,1.3,neutral,0.4777975380420685
325,1,325,399323533,LevoParadoxPPOHybrid,0.0,neutral,0.48244643211364746
326,1,326,980315658,LevoParadoxPPOHybrid,-2.0,overconfident,0.4788035750389099
327,1,327,123987181,LevoParadoxPPOHybrid,1.2,neutral,0.4773579239845276
328,1,328,409996997,LevoParadoxPPOHybrid,0.0,neutral,0.48010820150375366
329,1,329,708892450,LevoParadoxPPOHybrid,-2.0,overconfident,0.4783268868923187
330,1,330,1373932302,LevoParadoxPPOHybrid,1.3,neutral,0.47729626297950745
331,1,331,2077742390,LevoParadoxPPOHybrid,1.3,neutral,0.4784007668495178
332,1,332,761108960,LevoParadoxPPOHybrid,0.0,neutral,0.4784007668495178
333,1,333,1211512608,LevoParadoxPPOHybrid,0.0,neutral,0.4863224923610687
334,1,334,1884662523,LevoParadoxPPOHybrid,0.0,neutral,0.4777975380420685
335,1,335,2002191522,LevoParadoxPPOHybrid,0.0,neutral,0.4863224923610687
336,1,336,2028646946,LevoParadoxPPOHybrid,0.0,neutral,0.4818275570869446
337,1,337,589112024,LevoParadoxPPOHybrid,0.0,neutral,0.48244643211364746
338,1,338,610703030,LevoParadoxPPOHybrid,0.0,neutral,0.4802131950855255
339,1,339,972829234,LevoParadoxPPOHybrid,0.0,neutral,0.4777975380420685
340,1,340,465154269,LevoParadoxPPOHybrid,2.5,neutral,0.4782043993473053
341,1,341,470901255,LevoParadoxPPOHybrid,0.0,neutral,0.48244643211364746
342,1,342,1990213325,LevoParadoxPPOHybrid,0.0,neutral,0.47729626297950745
343,1,343,1646775850,LevoParadoxPPOHybrid,0.0,neutral,0.4829937219619751
344,1,344,1057311607,LevoParadoxPPOHybrid,1.3,neutral,0.4802131950855255
345,1,345,590319545,LevoParadoxPPOHybrid,0.0,neutral,0.4802131950855255
346,1,346,516318123,LevoParadoxPPOHybrid,1.3,neutral,0.47729626297950745
347,1,347,70890343,LevoParadoxPPOHybrid,0.0,neutral,0.47729626297950745
348,1,348,804413128,LevoParadoxPPOHybrid,2.5,neutral,0.4782043993473053
349,1,349,1504695760,LevoParadoxPPOHybrid,1.3,neutral,0.4805646538734436
350,1,350,940669613,LevoParadoxPPOHybrid,0.0,neutral,0.4808143377304077
351,1,351,821018278,LevoParadoxPPOHybrid,1.3,neutral,0.48010820150375366
352,1,352,2080007758,LevoParadoxPPOHybrid,0.0,neutral,0.48367613554000854
353,1,353,461373511,LevoParadoxPPOHybrid,0.0,neutral,0.4808143377304077
354,1,354,1987269884,LevoParadoxPPOHybrid,0.0,neutral,0.4805646538734436
355,1,355,885162807,LevoParadoxPPOHybrid,1.3,neutral,0.4863224923610687
356,1,356,779768070,LevoParadoxPPOHybrid,0.0,neutral,0.4802131950855255
357,1,357,966063187,LevoParadoxPPOHybrid,-2.0,overconfident,0.4783268868923187
358,1,358,1359588046,LevoParadoxPPOHybrid,1.3,neutral,0.4808143377304077
359,1,359,393633121,LevoParadoxPPOHybrid,0.0,neutral,0.4802131950855255
360,1,360,991070115,LevoParadoxPPOHybrid,1.3,neutral,0.4818275570869446
361,1,361,1695833246,LevoParadoxPPOHybrid,1.3,neutral,0.4808143377304077
362,1,362,259218709,LevoParadoxPPOHybrid,0.0,neutral,0.4773579239845276
363,1,363,1252523270,LevoParadoxPPOHybrid,1.2,neutral,0.4788035750389099
364,1,364,618943155,LevoParadoxPPOHybrid,0.0,neutral,0.48010820150375366
365,1,365,1149281050,LevoParadoxPPOHybrid,1.3,neutral,0.4805646538734436
366,1,366,605383710,LevoParadoxPPOHybrid,1.3,neutral,0.4784007668495178
367,1,367,1156676417,LevoParadoxPPOHybrid,-2.0,overconfident,0.4788035750389099
368,1,368,988215448,LevoParadoxPPOHybrid,1.3,neutral,0.4802131950855255
369,1,369,1630817173,LevoParadoxPPOHybrid,-0.8,overcautious,0.48367613554000854
370,1,370,1326405127,LevoParadoxPPOHybrid,1.3,neutral,0.4863224923610687
371,1,371,279363521,LevoParadoxPPOHybrid,1.3,neutral,0.4805646538734436
372,1,372,673386525,LevoParadoxPPOHybrid,0.0,neutral,0.479666531085968
373,1,373,1485190259,LevoParadoxPPOHybrid,1.3,neutral,0.4808143377304077
374,1,374,757249346,LevoParadoxPPOHybrid,1.3,neutral,0.4784007668495178
375,1,375,2139173341,LevoParadoxPPOHybrid,-0.8,overcautious,0.4782043993473053
376,1,376,1407830714,LevoParadoxPPOHybrid,0.0,neutral,0.4777975380420685
377,1,377,1328293493,LevoParadoxPPOHybrid,-2.0,overconfident,0.4783268868923187
378,1,378,1561225140,LevoParadoxPPOHybrid,0.0,neutral,0.4802131950855255
379,1,379,2054053838,LevoParadoxPPOHybrid,0.0,neutral,0.4791228175163269
380,1,380,1538665569,LevoParadoxPPOHybrid,0.0,neutral,0.4773579239845276
381,1,381,578245576,LevoParadoxPPOHybrid,1.3,neutral,0.4802131950855255
382,1,382,1001750142,LevoParadoxPPOHybrid,1.3,neutral,0.4863224923610687
383,1,383,247349919,LevoParadoxPPOHybrid,0.0,neutral,0.48010820150375366
384,1,384,1913641746,LevoParadoxPPOHybrid,0.0,neutral,0.48010820150375366
385,1,385,191896624,LevoParadoxPPOHybrid,-0.8,overcautious,0.4782043993473053
386,1,386,358450787,LevoParadoxPPOHybrid,0.0,neutral,0.47729626297950745
387,1,387,1304006934,LevoParadoxPPOHybrid,1.3,neutral,0.4863224923610687
388,1,388,854476003,LevoParadoxPPOHybrid,1.3,neutral,0.48244643211364746
389,1,389,718810870,LevoParadoxPPOHybrid,0.0,neutral,0.48244643211364746
390,1,390,2087848673,LevoParadoxPPOHybrid,0.0,neutral,0.4818275570869446
391,1,391,565983639,LevoParadoxPPOHybrid,0.0,neutral,0.48367613554000854
392,1,392,406083697,LevoParadoxPPOHybrid,0.0,neutral,0.4805646538734436
393,1,393,1812367355,LevoParadoxPPOHybrid,0.0,neutral,0.4818275570869446
394,1,394,1054994518,LevoParadoxPPOHybrid,1.3,neutral,0.4802131950855255
395,1,395,235136936,LevoParadoxPPOHybrid,0.0,neutral,0.4808143377304077
396,1,396,111732250,LevoParadoxPPOHybrid,-2.0,overconfident,0.4773579239845276
397,1,397,289408596,LevoParadoxPPOHybrid,1.3,neutral,0.4802131950855255
398,1,398,1197540953,LevoParadoxPPOHybrid,0.0,neutral,0.479666531085968
399,1,399,34196977,LevoParadoxPPOHybrid,0.0,neutral,0.4818275570869446
400,2,0,2034269964,LevoParadoxPPOHybrid,0.0,neutral,0.47760096192359924
401,2,1,912146831,LevoParadoxPPOHybrid,0.0,neutral,0.48142847418785095
402,2,2,144856919,LevoParadoxPPOHybrid,1.2,neutral,0.47782430052757263
403,2,3,685506823,LevoParadoxPPOHybrid,1.2,neutral,0.4803639352321625
404,2,4,1939181862,LevoParadoxPPOHybrid,0.0,neutral,0.4791390895843506
405,2,5,1502803201,LevoParadoxPPOHybrid,0.0,neutral,0.47879713773727417
406,2,6,1504803878,LevoParadoxPPOHybrid,-3.0,overconfident,0.4803639352321625
407,2,7,67883367,LevoParadoxPPOHybrid,2.0,neutral,0.48142847418785095
408,2,8,235174993,LevoParadoxPPOHybrid,0.8,neutral,0.48121845722198486
409,2,9,1767017071,LevoParadoxPPOHybrid,2.0,neutral,0.48142847418785095
410,2,10,1195637117,LevoParadoxPPOHybrid,-3.0,overconfident,0.48439839482307434
411,2,11,2140388521,LevoParadoxPPOHybrid,0.0,neutral,0.47790008783340454
412,2,12,285128217,LevoParadoxPPOHybrid,0.0,neutral,0.47782430052757263
413,2,13,1297214282,LevoParadoxPPOHybrid,0.0,neutral,0.4793781638145447
414,2,14,2128926662,LevoParadoxPPOHybrid,0.8,neutral,0.4789300858974457
415,2,15,1227615478,LevoParadoxPPOHybrid,0.0,neutral,0.4791390895843506
416,2,16,562820587,LevoParadoxPPOHybrid,-3.0,overconfident,0.48439839482307434
417,2,17,1938965903,LevoParadoxPPOHybrid,2.0,neutral,0.47879713773727417
418,2,18,1938899583,LevoParadoxPPOHybrid,0.0,neutral,0.48121845722198486
419,2,19,146416322,LevoParadoxPPOHybrid,2.0,neutral,0.47879713773727417
420,2,20,2034761172,LevoParadoxPPOHybrid,0.0,neutral,0.4793781638145447
421,2,21,1531184118,LevoParadoxPPOHybrid,0.8,neutral,0.47790008783340454
422,2,22,1624823478,LevoParadoxPPOHybrid,-3.0,overconfident,0.47782430052757263
423,2,23,1973982599,LevoParadoxPPOHybrid,0.0,neutral,0.47879713773727417
424,2,24,1433121745,LevoParadoxPPOHybrid,0.0,neutral,0.47766703367233276
425,2,25,269942302,LevoParadoxPPOHybrid,-0.8,overcautious,0.47879713773727417
426,2,26,662577618,LevoParadoxPPOHybrid,-3.0,overconfident,0.48439839482307434
427,2,27,1680792863,LevoParadoxPPOHybrid,1.2,neutral,0.47782430052757263
428,2,28,608196857,LevoParadoxPPOHybrid,0.0,neutral,0.4791390895843506
429,2,29,750797946,LevoParadoxPPOHybrid,0.0,neutral,0.4793781638145447
430,2,30,1703067462,LevoParadoxPPOHybrid,0.0,neutral,0.4789300858974457
431,2,31,354277540,LevoParadoxPPOHybrid,2.0,neutral,0.48142847418785095
432,2,32,516686757,LevoParadoxPPOHybrid,0.0,neutral,0.4789300858974457
433,2,33,145581260,LevoParadoxPPOHybrid,0.8,neutral,0.47702041268348694
434,2,34,1801241574,LevoParadoxPPOHybrid,2.0,neutral,0.47879713773727417
435,2,35,2100309440,LevoParadoxPPOHybrid,2.0,neutral,0.47879713773727417
436,2,36,1637824222,LevoParadoxPPOHybrid,0.0,neutral,0.4793781638145447
437,2,37,1781578254,LevoParadoxPPOHybrid,0.0,neutral,0.47879713773727417
438,2,38,774535340,LevoParadoxPPOHybrid,0.0,neutral,0.47766703367233276
439,2,39,1592536280,LevoParadoxPPOHybrid,0.8,neutral,0.47760096192359924
440,2,40,803715272,LevoParadoxPPOHybrid,0.0,neutral,0.47968432307243347
441,2,41,1295445709,LevoParadoxPPOHybrid,-0.8,overcautious,0.47879713773727417
442,2,42,580455628,LevoParadoxPPOHybrid,0.8,neutral,0.47702041268348694
443,2,43,608571353,LevoParadoxPPOHybrid,0.0,neutral,0.47760096192359924
444,2,44,220247617,LevoParadoxPPOHybrid,0.8,neutral,0.47702041268348694
445,2,45,1007502304,LevoParadoxPPOHybrid,0.0,neutral,0.4793781638145447
446,2,46,1485027697,LevoParadoxPPOHybrid,1.2,neutral,0.47782430052757263
447,2,47,308424123,LevoParadoxPPOHybrid,0.8,neutral,0.481337308883667
448,2,48,1831539103,LevoParadoxPPOHybrid,0.0,neutral,0.4791390895843506
449,2,49,96205481,LevoParadoxPPOHybrid,0.0,neutral,0.4793781638145447
450,2,50,572983894,LevoParadoxPPOHybrid,0.8,neutral,0.4789300858974457
451,2,51,1559559556,LevoParadoxPPOHybrid,0.0,neutral,0.48121845722198486
452,2,52,289588363,LevoParadoxPPOHybrid,0.0,neutral,0.4781184792518616
453,2,53,1021080331,LevoParadoxPPOHybrid,0.8,neutral,0.47968432307243347
454,2,54,43845046,LevoParadoxPPOHybrid,0.0,neutral,0.47968432307243347
455,2,55,1969391451,LevoParadoxPPOHybrid,0.0,neutral,0.47984620928764343
456,2,56,112141255,LevoParadoxPPOHybrid,0.0,neutral,0.47984620928764343
457,2,57,407044235,LevoParadoxPPOHybrid,0.0,neutral,0.48121845722198486
458,2,58,1413331621,LevoParadoxPPOHybrid,0.0,neutral,0.4791390895843506
459,2,59,1124438664,LevoParadoxPPOHybrid,2.0,neutral,0.479806512594223
460,2,60,1823383091,LevoParadoxPPOHybrid,0.0,neutral,0.47702041268348694
461,2,61,1452420947,LevoParadoxPPOHybrid,-3.0,overconfident,0.47782430052757263
462,2,62,2031250630,LevoParadoxPPOHybrid,-3.0,overconfident,0.4803639352321625
463,2,63,788674418,LevoParadoxPPOHybrid,0.0,neutral,0.47760096192359924
464,2,64,1437390327,LevoParadoxPPOHybrid,0.8,neutral,0.48121845722198486
465,2,65,879262169,LevoParadoxPPOHybrid,0.0,neutral,0.479806512594223
466,2,66,958652521,LevoParadoxPPOHybrid,0.8,neutral,0.4793781638145447
467,2,67,2142602411,LevoParadoxPPOHybrid,0.0,neutral,0.4789300858974457
468,2,68,59947504,LevoParadoxPPOHybrid,0.8,neutral,0.47766703367233276
469,2,69,384107305,LevoParadoxPPOHybrid,0.0,neutral,0.47968432307243347
470,2,70,1830507375,LevoParadoxPPOHybrid,0.8,neutral,0.4789300858974457
471,2,71,571519169,LevoParadoxPPOHybrid,0.8,neutral,0.4793781638145447
472,2,72,1626492832,LevoParadoxPPOHybrid,0.8,neutral,0.4789300858974457
473,2,73,1386853771,LevoParadoxPPOHybrid,0.8,neutral,0.47760096192359924
474,2,74,1706685627,LevoParadoxPPOHybrid,-0.8,overcautious,0.47879713773727417
475,2,75,1611897310,LevoParadoxPPOHybrid,2.0,neutral,0.48142847418785095
476,2,76,1751003019,LevoParadoxPPOHybrid,0.8,neutral,0.47790008783340454
477,2,77,1422082962,LevoParadoxPPOHybrid,1.2,neutral,0.48439839482307434
478,2,78,1883691922,LevoParadoxPPOHybrid,0.0,neutral,0.481337308883667
479,2,79,1013721795,LevoParadoxPPOHybrid,0.8,neutral,0.4791390895843506
480,2,80,820766304,LevoParadoxPPOHybrid,0.0,neutral,0.47760096192359924
481,2,81,292577686,LevoParadoxPPOHybrid,0.8,neutral,0.481337308883667
482,2,82,1774181236,LevoParadoxPPOHybrid,0.8,neutral,0.47968432307243347
483,2,83,16477750,LevoParadoxPPOHybrid,0.8,neutral,0.4781184792518616
484,2,84,270709347,LevoParadoxPPOHybrid,0.0,neutral,0.47766703367233276
485,2,85,117649210,LevoParadoxPPOHybrid,0.8,neutral,0.47790008783340454
486,2,86,1315442558,LevoParadoxPPOHybrid,0.0,neutral,0.47984620928764343
487,2,87,2057676732,LevoParadoxPPOHybrid,0.0,neutral,0.4793781638145447
488,2,88,211459733,LevoParadoxPPOHybrid,0.0,neutral,0.4793781638145447
489,2,89,91146202,LevoParadoxPPOHybrid,0.0,neutral,0.47702041268348694
490,2,90,588068454,LevoParadoxPPOHybrid,0.8,neutral,0.47968432307243347
491,2,91,467526601,LevoParadoxPPOHybrid,-0.8,overcautious,0.479806512594223
492,2,92,335299668,LevoParadoxPPOHybrid,0.8,neutral,0.47984620928764343
493,2,93,779362037,LevoParadoxPPOHybrid,0.0,neutral,0.47968432307243347
494,2,94,660339976,LevoParadoxPPOHybrid,2.0,neutral,0.479806512594223
495,2,95,637136818,LevoParadoxPPOHybrid,1.2,neutral,0.48439839482307434
496,2,96,1999866855,LevoParadoxPPOHybrid,0.0,neutral,0.47760096192359924
497,2,97,139896496,LevoParadoxPPOHybrid,0.0,neutral,0.47760096192359924
498,2,98,863743810,LevoParadoxPPOHybrid,0.0,neutral,0.4781184792518616
499,2,99,1908673249,LevoParadoxPPOHybrid,2.0,neutral,0.479806512594223
500,2,100,1039141574,LevoParadoxPPOHybrid,0.0,neutral,0.47984620928764343
501,2,101,1051567495,LevoParadoxPPOHybrid,-3.0,overconfident,0.4803639352321625
502,2,102,837394817,LevoParadoxPPOHybrid,0.8,neutral,0.47968432307243347
503,2,103,2013481887,LevoParadoxPPOHybrid,0.0,neutral,0.47760096192359924
504,2,104,438355621,LevoParadoxPPOHybrid,0.0,neutral,0.481337308883667
505,2,105,993080718,LevoParadoxPPOHybrid,0.0,neutral,0.4781184792518616
506,2,106,1682379032,LevoParadoxPPOHybrid,0.0,neutral,0.47766703367233276
507,2,107,1013432362,LevoParadoxPPOHybrid,0.8,neutral,0.47702041268348694
508,2,108,1856562955,LevoParadoxPPOHybrid,0.8,neutral,0.47702041268348694
509,2,109,1667805176,LevoParadoxPPOHybrid,1.2,neutral,0.48439839482307434
510,2,110,506300911,LevoParadoxPPOHybrid,0.0,neutral,0.4781184792518616
511,2,111,222604131,LevoParadoxPPOHybrid,0.0,neutral,0.4793781638145447
512,2,112,804599567,LevoParadoxPPOHybrid,0.0,neutral,0.4839756190776825
513,2,113,1492613445,LevoParadoxPPOHybrid,0.0,neutral,0.481283962726593
514,2,114,552650077,LevoParadoxPPOHybrid,-3.0,overconfident,0.4819849133491516
515,2,115,930025102,LevoParadoxPPOHybrid,0.8,neutral,0.48286885023117065
516,2,116,873459449,LevoParadoxPPOHybrid,2.0,neutral,0.48265746235847473
517,2,117,467662889,LevoParadoxPPOHybrid,-0.8,overcautious,0.4842311441898346
518,2,118,445679122,LevoParadoxPPOHybrid,0.0,neutral,0.4811937212944031
519,2,119,1328599419,LevoParadoxPPOHybrid,2.0,neutral,0.4842311441898346
520,2,120,1323806708,LevoParadoxPPOHybrid,0.0,neutral,0.48329493403434753
521,2,121,1034589592,LevoParadoxPPOHybrid,0.0,neutral,0.4818005859851837
522,2,122,413811598,LevoParadoxPPOHybrid,0.8,neutral,0.4818005859851837
523,2,123,753550936,LevoParadoxPPOHybrid,0.0,neutral,0.4846201539039612
524,2,124,1202521986,LevoParadoxPPOHybrid,0.0,neutral,0.48286885023117065
525,2,125,1933381577,LevoParadoxPPOHybrid,0.0,neutral,0.4850122034549713
526,2,126,1963329040,LevoParadoxPPOHybrid,0.8,neutral,0.48379752039909363
527,2,127,1399821071,LevoParadoxPPOHybrid,0.0,neutral,0.4850122034549713
528,2,128,1828929971,LevoParadoxPPOHybrid,-3.0,overconfident,0.4876437187194824
529,2,129,1100686433,LevoParadoxPPOHybrid,0.0,neutral,0.4818302094936371
530,2,130,423774818,LevoParadoxPPOHybrid,0.8,neutral,0.4854736030101776
531,2,131,2047001195,LevoParadoxPPOHybrid,0.0,neutral,0.4857918918132782
532,2,132,127060851,LevoParadoxPPOHybrid,0.8,neutral,0.48286885023117065
533,2,133,1430942851,LevoParadoxPPOHybrid,-3.0,overconfident,0.4876437187194824
534,2,134,1194133788,LevoParadoxPPOHybrid,2.0,neutral,0.4842311441898346
535,2,135,30246456,LevoParadoxPPOHybrid,0.0,neutral,0.4818005859851837
536,2,136,1871301169,LevoParadoxPPOHybrid,0.0,neutral,0.4829106330871582
537,2,137,1724977905,LevoParadoxPPOHybrid,0.0,neutral,0.4846201539039612
538,2,138,1717796771,LevoParadoxPPOHybrid,0.8,neutral,0.4818005859851837
539,2,139,1593858573,LevoParadoxPPOHybrid,0.8,neutral,0.4818005859851837
540,2,140,200663940,LevoParadoxPPOHybrid,-3.0,overconfident,0.4846201539039612
541,2,141,1366649604,LevoParadoxPPOHybrid,0.0,neutral,0.48379752039909363
542,2,142,1673519505,LevoParadoxPPOHybrid,0.8,neutral,0.4811937212944031
543,2,143,1177626327,LevoParadoxPPOHybrid,0.0,neutral,0.48379752039909363
544,2,144,262855495,LevoParadoxPPOHybrid,0.0,neutral,0.4839756190776825
545,2,145,1035690989,LevoParadoxPPOHybrid,0.0,neutral,0.4819849133491516
546,2,146,192999926,LevoParadoxPPOHybrid,0.8,neutral,0.4811937212944031
547,2,147,1097961901,LevoParadoxPPOHybrid,-0.8,overcautious,0.48265746235847473
548,2,148,1040646467,LevoParadoxPPOHybrid,2.0,neutral,0.4850122034549713
549,2,149,1995566658,LevoParadoxPPOHybrid,0.0,neutral,0.4839756190776825
550,2,150,390674833,LevoParadoxPPOHybrid,-0.8,overcautious,0.4842311441898346
551,2,151,662645968,LevoParadoxPPOHybrid,1.2,neutral,0.4846201539039612
552,2,152,111224037,LevoParadoxPPOHybrid,-0.8,overcautious,0.4850122034549713
553,2,153,1242319339,LevoParadoxPPOHybrid,0.0,neutral,0.4818005859851837
554,2,154,1295579201,LevoParadoxPPOHybrid,0.0,neutral,0.4854736030101776
555,2,155,88079789,LevoParadoxPPOHybrid,0.0,neutral,0.48329493403434753
556,2,156,1218832160,LevoParadoxPPOHybrid,0.0,neutral,0.4857918918132782
557,2,157,1199450774,LevoParadoxPPOHybrid,0.8,neutral,0.48379752039909363
558,2,158,93920744,LevoParadoxPPOHybrid,0.0,neutral,0.4818005859851837
559,2,159,301211568,LevoParadoxPPOHybrid,0.0,neutral,0.4829106330871582
560,2,160,606831608,LevoParadoxPPOHybrid,0.0,neutral,0.4829106330871582
561,2,161,248267762,LevoParadoxPPOHybrid,2.0,neutral,0.4842311441898346
562,2,162,479831997,LevoParadoxPPOHybrid,0.0,neutral,0.4811937212944031
563,2,163,443794762,LevoParadoxPPOHybrid,1.2,neutral,0.4876437187194824
564,2,164,317845088,LevoParadoxPPOHybrid,0.0,neutral,0.48286885023117065
565,2,165,976368810,LevoParadoxPPOHybrid,0.0,neutral,0.4876437187194824
566,2,166,1096060710,LevoParadoxPPOHybrid,1.2,neutral,0.4846201539039612
567,2,167,1786432503,LevoParadoxPPOHybrid,0.0,neutral,0.4839756190776825
568,2,168,92915493,LevoParadoxPPOHybrid,0.0,neutral,0.48286885023117065
569,2,169,169421372,LevoParadoxPPOHybrid,0.8,neutral,0.4818005859851837
570,2,170,827738447,LevoParadoxPPOHybrid,-0.8,overcautious,0.48265746235847473
571,2,171,91871503,LevoParadoxPPOHybrid,0.8,neutral,0.4812925159931183
572,2,172,1181786707,LevoParadoxPPOHybrid,-3.0,overconfident,0.4876437187194824
573,2,173,14354338,LevoParadoxPPOHybrid,0.0,neutral,0.48329493403434753
574,2,174,2140443672,LevoParadoxPPOHybrid,0.0,neutral,0.4819849133491516
575,2,175,318790932,LevoParadoxPPOHybrid,2.0,neutral,0.48265746235847473
576,2,176,721850175,LevoParadoxPPOHybrid,2.0,neutral,0.48265746235847473
577,2,177,1030785601,LevoParadoxPPOHybrid,0.0,neutral,0.48379752039909363
578,2,178,1316251630,LevoParadoxPPOHybrid,0.0,neutral,0.4850122034549713
579,2,179,1719447051,LevoParadoxPPOHybrid,0.0,neutral,0.48379752039909363
580,2,180,574594100,LevoParadoxPPOHybrid,0.0,neutral,0.4854736030101776
581,2,181,2130613154,LevoParadoxPPOHybrid,0.0,neutral,0.4857918918132782
582,2,182,527701015,LevoParadoxPPOHybrid,0.0,neutral,0.4857918918132782
583,2,183,1227208042,LevoParadoxPPOHybrid,-3.0,overconfident,0.4846201539039612
584,2,184,633972706,LevoParadoxPPOHybrid,0.8,neutral,0.4818302094936371
585,2,185,1481264686,LevoParadoxPPOHybrid,0.0,neutral,0.4839756190776825
586,2,186,1403332419,LevoParadoxPPOHybrid,0.8,neutral,0.48329493403434753
587,2,187,573328882,LevoParadoxPPOHybrid,-3.0,overconfident,0.4876437187194824
588,2,188,896430961,LevoParadoxPPOHybrid,0.0,neutral,0.4854736030101776
589,2,189,861308429,LevoParadoxPPOHybrid,-3.0,overconfident,0.4819849133491516
590,2,190,857542805,LevoParadoxPPOHybrid,-3.0,overconfident,0.4846201539039612
591,2,191,555627012,LevoParadoxPPOHybrid,0.0,neutral,0.48329493403434753
592,2,192,883473089,LevoParadoxPPOHybrid,1.2,neutral,0.4876437187194824
593,2,193,1183906577,LevoParadoxPPOHybrid,-0.8,overcautious,0.48265746235847473
594,2,194,1295404722,LevoParadoxPPOHybrid,0.0,neutral,0.4842311441898346
595,2,195,1602782174,LevoParadoxPPOHybrid,0.0,neutral,0.4811937212944031
596,2,196,1168170146,LevoParadoxPPOHybrid,0.0,neutral,0.4839756190776825
597,2,197,247049848,LevoParadoxPPOHybrid,0.8,neutral,0.4829106330871582
598,2,198,1217521579,LevoParadoxPPOHybrid,2.0,neutral,0.4850122034549713
599,2,199,1154221074,LevoParadoxPPOHybrid,-3.0,overconfident,0.4846201539039612
600,2,200,1039822287,LevoParadoxPPOHybrid,0.0,neutral,0.4839756190776825
601,2,201,403774715,LevoParadoxPPOHybrid,0.8,neutral,0.48286885023117065
602,2,202,1937799744,LevoParadoxPPOHybrid,0.0,neutral,0.4812925159931183
603,2,203,1530207800,LevoParadoxPPOHybrid,0.8,neutral,0.48379752039909363
604,2,204,899360822,LevoParadoxPPOHybrid,0.8,neutral,0.4812925159931183
605,2,205,839140609,LevoParadoxPPOHybrid,2.0,neutral,0.48265746235847473
606,2,206,2141035731,LevoParadoxPPOHybrid,0.0,neutral,0.4842311441898346
607,2,207,778084307,LevoParadoxPPOHybrid,1.2,neutral,0.4846201539039612
608,2,208,350945807,LevoParadoxPPOHybrid,0.0,neutral,0.4854736030101776
609,2,209,970046052,LevoParadoxPPOHybrid,-0.8,overcautious,0.4842311441898346
610,2,210,828658713,LevoParadoxPPOHybrid,-3.0,overconfident,0.4876437187194824
611,2,211,899193899,LevoParadoxPPOHybrid,0.0,neutral,0.4811937212944031
612,2,212,1918263815,LevoParadoxPPOHybrid,-3.0,overconfident,0.4876437187194824
613,2,213,861402774,LevoParadoxPPOHybrid,0.0,neutral,0.4839756190776825
614,2,214,545630730,LevoParadoxPPOHybrid,0.0,neutral,0.48286885023117065
615,2,215,1771344806,LevoParadoxPPOHybrid,0.8,neutral,0.4818302094936371
616,2,216,835556689,LevoParadoxPPOHybrid,2.0,neutral,0.4842311441898346
617,2,217,920739262,LevoParadoxPPOHybrid,0.8,neutral,0.4857918918132782
618,2,218,1075133249,LevoParadoxPPOHybrid,0.0,neutral,0.4857918918132782
619,2,219,1466130915,LevoParadoxPPOHybrid,0.8,neutral,0.4811937212944031
620,2,220,1545638251,LevoParadoxPPOHybrid,-3.0,overconfident,0.4819849133491516
621,2,221,379504837,LevoParadoxPPOHybrid,0.0,neutral,0.48379752039909363
622,2,222,833504022,LevoParadoxPPOHybrid,0.8,neutral,0.4839756190776825
623,2,223,1846676001,LevoParadoxPPOHybrid,1.2,neutral,0.4876437187194824
624,2,224,6416948,LevoParadoxPPOHybrid,0.0,neutral,0.4818302094936371
625,2,225,1751117666,LevoParadoxPPOHybrid,0.8,neutral,0.4818005859851837
626,2,226,284570123,LevoParadoxPPOHybrid,0.8,neutral,0.48379752039909363
627,2,227,189352376,LevoParadoxPPOHybrid,0.0,neutral,0.4818005859851837
628,2,228,1370043294,LevoParadoxPPOHybrid,0.0,neutral,0.4857918918132782
629,2,229,1967776583,LevoParadoxPPOHybrid,0.0,neutral,0.4818302094936371
630,2,230,1013942334,LevoParadoxPPOHybrid,0.0,neutral,0.4829106330871582
631,2,231,600184202,LevoParadoxPPOHybrid,0.8,neutral,0.4829106330871582
632,2,232,2085636407,LevoParadoxPPOHybrid,0.0,neutral,0.48329493403434753
633,2,233,328848547,LevoParadoxPPOHybrid,0.0,neutral,0.48286885023117065
634,2,234,63425983,LevoParadoxPPOHybrid,-0.8,overcautious,0.4850122034549713
635,2,235,531264304,LevoParadoxPPOHybrid,0.0,neutral,0.48265746235847473
636,2,236,1531168957,LevoParadoxPPOHybrid,0.0,neutral,0.4839756190776825
637,2,237,1789312949,LevoParadoxPPOHybrid,2.0,neutral,0.4842311441898346
638,2,238,1084402395,LevoParadoxPPOHybrid,0.0,neutral,0.48329493403434753
639,2,239,1545622175,LevoParadoxPPOHybrid,0.8,neutral,0.4854736030101776
640,2,240,999431888,LevoParadoxPPOHybrid,0.0,neutral,0.4818005859851837
641,2,241,1725426490,LevoParadoxPPOHybrid,0.0,neutral,0.48286885023117065
642,2,242,669407095,LevoParadoxPPOHybrid,0.0,neutral,0.48286885023117065
643,2,243,1417993163,LevoParadoxPPOHybrid,0.8,neutral,0.4818302094936371
644,2,244,1057045593,LevoParadoxPPOHybrid,0.8,neutral,0.4829106330871582
645,2,245,1380890934,LevoParadoxPPOHybrid,0.0,neutral,0.4811937212944031
646,2,246,238129855,LevoParadoxPPOHybrid,0.8,neutral,0.4854736030101776
647,2,247,1486485713,LevoParadoxPPOHybrid,0.8,neutral,0.4811937212944031
648,2,248,30716145,LevoParadoxPPOHybrid,0.0,neutral,0.48329493403434753
649,2,249,1615261593,LevoParadoxPPOHybrid,0.0,neutral,0.48286885023117065
650,2,250,2052819092,LevoParadoxPPOHybrid,0.8,neutral,0.4818005859851837
651,2,251,11185487,LevoParadoxPPOHybrid,0.0,neutral,0.4812925159931183
652,2,252,928000143,LevoParadoxPPOHybrid,2.0,neutral,0.4842311441898346
653,2,253,2023963770,LevoParadoxPPOHybrid,1.2,neutral,0.4876437187194824
654,2,254,1301736393,LevoParadoxPPOHybrid,0.0,neutral,0.48379752039909363
655,2,255,398352915,LevoParadoxPPOHybrid,0.8,neutral,0.48286885023117065
656,2,256,299104752,LevoParadoxPPOHybrid,0.0,neutral,0.4811937212944031
657,2,257,1900619662,LevoParadoxPPOHybrid,2.0,neutral,0.4842311441898346
658,2,258,402834001,LevoParadoxPPOHybrid,1.2,neutral,0.4846201539039612
659,2,259,618191185,LevoParadoxPPOHybrid,1.2,neutral,0.4876437187194824
660,2,260,1107226955,LevoParadoxPPOHybrid,-0.8,overcautious,0.4850122034549713
661,2,261,1079996997,LevoParadoxPPOHybrid,0.8,neutral,0.4857918918132782
662,2,262,1090799708,LevoParadoxPPOHybrid,2.0,neutral,0.4842311441898346
663,2,263,614807561,LevoParadoxPPOHybrid,-3.0,overconfident,0.4876437187194824
664,2,264,1110540374,LevoParadoxPPOHybrid,0.0,neutral,0.4850122034549713
665,2,265,230358128,LevoParadoxPPOHybrid,0.8,neutral,0.4857918918132782
666,2,266,1307025172,LevoParadoxPPOHybrid,0.0,neutral,0.4857918918132782
667,2,267,2128513208,LevoParadoxPPOHybrid,-3.0,overconfident,0.4846201539039612
668,2,268,1813190214,LevoParadoxPPOHybrid,1.2,neutral,0.4876437187194824
669,2,269,427517589,LevoParadoxPPOHybrid,-0.8,overcautious,0.4850122034549713
670,2,270,971704768,LevoParadoxPPOHybrid,0.0,neutral,0.4857918918132782
671,2,271,379120844,LevoParadoxPPOHybrid,0.8,neutral,0.4857918918132782
672,2,272,366674027,LevoParadoxPPOHybrid,-0.8,overcautious,0.4850122034549713
673,2,273,1267589757,LevoParadoxPPOHybrid,0.8,neutral,0.4818302094936371
674,2,274,397609752,LevoParadoxPPOHybrid,0.8,neutral,0.4839756190776825
675,2,275,544583423,LevoParadoxPPOHybrid,0.0,neutral,0.4829106330871582
676,2,276,1765101426,LevoParadoxPPOHybrid,0.8,neutral,0.48286885023117065
677,2,277,569693597,LevoParadoxPPOHybrid,2.0,neutral,0.4842311441898346
678,2,278,189460983,LevoParadoxPPOHybrid,0.0,neutral,0.48329493403434753
679,2,279,505940532,LevoParadoxPPOHybrid,0.0,neutral,0.481283962726593
680,2,280,961700536,LevoParadoxPPOHybrid,1.2,neutral,0.4819849133491516
681,2,281,932456279,LevoParadoxPPOHybrid,-0.8,overcautious,0.4850122034549713
682,2,282,390287427,LevoParadoxPPOHybrid,2.0,neutral,0.4850122034549713
683,2,283,297976648,LevoParadoxPPOHybrid,-0.8,overcautious,0.4842311441898346
684,2,284,436098708,LevoParadoxPPOHybrid,0.0,neutral,0.481283962726593
685,2,285,794629335,LevoParadoxPPOHybrid,2.0,neutral,0.4842311441898346
686,2,286,1214082779,LevoParadoxPPOHybrid,0.8,neutral,0.481283962726593
687,2,287,1935214602,LevoParadoxPPOHybrid,0.0,neutral,0.4842311441898346
688,2,288,284248471,LevoParadoxPPOHybrid,0.0,neutral,0.4854736030101776
689,2,289,1230641234,LevoParadoxPPOHybrid,0.0,neutral,0.4839756190776825
690,2,290,388858966,LevoParadoxPPOHybrid,2.0,neutral,0.4842311441898346
691,2,291,1021791854,LevoParadoxPPOHybrid,-0.8,overcautious,0.4842311441898346
692,2,292,603303402,LevoParadoxPPOHybrid,0.8,neutral,0.48379752039909363
693,2,293,862608619,LevoParadoxPPOHybrid,0.8,neutral,0.481283962726593
694,2,294,1651871421,LevoParadoxPPOHybrid,0.8,neutral,0.4811937212944031
695,2,295,2051444313,LevoParadoxPPOHybrid,0.0,neutral,0.48329493403434753
696,2,296,144628230,LevoParadoxPPOHybrid,0.8,neutral,0.48329493403434753
697,2,297,1520429634,LevoParadoxPPOHybrid,0.8,neutral,0.4839756190776825
698,2,298,881109934,LevoParadoxPPOHybrid,0.8,neutral,0.4839756190776825
699,2,299,1255956995,LevoParadoxPPOHybrid,0.0,neutral,0.481283962726593
700,2,300,208230768,LevoParadoxPPOHybrid,0.8,neutral,0.4829106330871582
701,2,301,1460257335,LevoParadoxPPOHybrid,0.0,neutral,0.48286885023117065
702,2,302,1011782590,LevoParadoxPPOHybrid,0.0,neutral,0.4829106330871582
703,2,303,1789340557,LevoParadoxPPOHybrid,2.0,neutral,0.48265746235847473
704,2,304,1869217819,LevoParadoxPPOHybrid,0.0,neutral,0.4854736030101776
705,2,305,1673802110,LevoParadoxPPOHybrid,0.0,neutral,0.481283962726593
706,2,306,62463393,LevoParadoxPPOHybrid,-0.8,overcautious,0.4842311441898346
707,2,307,2074841997,LevoParadoxPPOHybrid,-3.0,overconfident,0.4846201539039612
708,2,308,1764116324,LevoParadoxPPOHybrid,-3.0,overconfident,0.4819849133491516
709,2,309,1361763883,LevoParadoxPPOHybrid,0.0,neutral,0.4819849133491516
710,2,310,2068149571,LevoParadoxPPOHybrid,0.0,neutral,0.48286885023117065
711,2,311,1761270974,LevoParadoxPPOHybrid,0.8,neutral,0.4839756190776825
712,2,312,1610445955,LevoParadoxPPOHybrid,0.8,neutral,0.4818302094936371
713,2,313,527574022,LevoParadoxPPOHybrid,0.8,neutral,0.4857918918132782
714,2,314,1948416385,LevoParadoxPPOHybrid,0.8,neutral,0.4812925159931183
715,2,315,842515162,LevoParadoxPPOHybrid,1.2,neutral,0.4846201539039612
716,2,316,728127582,LevoParadoxPPOHybrid,0.0,neutral,0.4839756190776825
717,2,317,1807809684,LevoParadoxPPOHybrid,-0.8,overcautious,0.4842311441898346
718,2,318,1911608906,LevoParadoxPPOHybrid,0.8,neutral,0.481283962726593
719,2,319,507860031,LevoParadoxPPOHybrid,0.8,neutral,0.48329493403434753
720,2,320,1559660249,LevoParadoxPPOHybrid,0.0,neutral,0.4812925159931183
721,2,321,817113483,LevoParadoxPPOHybrid,0.0,neutral,0.48379752039909363
722,2,322,181612330,LevoParadoxPPOHybrid,0.0,neutral,0.4818302094936371
723,2,323,330146939,LevoParadoxPPOHybrid,0.0,neutral,0.48379752039909363
724,2,324,1451519916,LevoParadoxPPOHybrid,0.8,neutral,0.48329493403434753
725,2,325,429715005,LevoParadoxPPOHybrid,0.0,neutral,0.4839756190776825
726,2,326,1836744305,LevoParadoxPPOHybrid,2.0,neutral,0.48265746235847473
727,2,327,200999922,LevoParadoxPPOHybrid,0.8,neutral,0.4818005859851837
728,2,328,686960989,LevoParadoxPPOHybrid,1.2,neutral,0.4819849133491516
729,2,329,2137759524,LevoParadoxPPOHybrid,0.0,neutral,0.4857918918132782
730,2,330,48470119,LevoParadoxPPOHybrid,0.0,neutral,0.48379752039909363
731,2,331,1429722682,LevoParadoxPPOHybrid,0.8,neutral,0.48286885023117065
732,2,332,218074447,LevoParadoxPPOHybrid,0.0,neutral,0.4839756190776825
733,2,333,2104545774,LevoParadoxPPOHybrid,0.8,neutral,0.4811937212944031
734,2,334,1816453390,LevoParadoxPPOHybrid,0.0,neutral,0.4829106330871582
735,2,335,639577193,LevoParadoxPPOHybrid,0.0,neutral,0.48379752039909363
736,2,336,231860645,LevoParadoxPPOHybrid,1.2,neutral,0.4846201539039612
737,2,337,1142197128,LevoParadoxPPOHybrid,0.0,neutral,0.4854736030101776
738,2,338,1321680746,LevoParadoxPPOHybrid,0.8,neutral,0.48379752039909363
739,2,339,1746554905,LevoParadoxPPOHybrid,0.0,neutral,0.4812925159931183
740,2,340,396707811,LevoParadoxPPOHybrid,0.8,neutral,0.4854736030101776
741,2,341,491514850,LevoParadoxPPOHybrid,0.8,neutral,0.48286885023117065
742,2,342,461674718,LevoParadoxPPOHybrid,-0.8,overcautious,0.4842311441898346
743,2,343,1701500925,LevoParadoxPPOHybrid,0.8,neutral,0.4839756190776825
744,2,344,1344298913,LevoParadoxPPOHybrid,0.0,neutral,0.4818302094936371
745,2,345,1354823084,LevoParadoxPPOHybrid,0.0,neutral,0.4811937212944031
746,2,346,118160105,LevoParadoxPPOHybrid,1.2,neutral,0.4819849133491516
747,2,347,1044584312,LevoParadoxPPOHybrid,0.8,neutral,0.4839756190776825
748,2,348,1524392230,LevoParadoxPPOHybrid,0.0,neutral,0.4819849133491516
749,2,349,428869864,LevoParadoxPPOHybrid,0.8,neutral,0.48329493403434753
750,2,350,180994417,LevoParadoxPPOHybrid,0.8,neutral,0.4829106330871582
751,2,351,885019589,LevoParadoxPPOHybrid,0.0,neutral,0.4812925159931183
752,2,352,1231928222,LevoParadoxPPOHybrid,0.0,neutral,0.4854736030101776
753,2,353,1670237802,LevoParadoxPPOHybrid,0.0,neutral,0.4839756190776825
754,2,354,1414482049,LevoParadoxPPOHybrid,0.8,neutral,0.4854736030101776
755,2,355,1971477631,LevoParadoxPPOHybrid,2.0,neutral,0.4842311441898346
756,2,356,883215094,LevoParadoxPPOHybrid,0.0,neutral,0.4846201539039612
757,2,357,343285816,LevoParadoxPPOHybrid,-3.0,overconfident,0.4819849133491516
758,2,358,1993664325,LevoParadoxPPOHybrid,-0.8,overcautious,0.4850122034549713
759,2,359,538994041,LevoParadoxPPOHybrid,0.8,neutral,0.4818005859851837
760,2,360,365720817,LevoParadoxPPOHybrid,-0.8,overcautious,0.4842311441898346
761,2,361,1931073180,LevoParadoxPPOHybrid,0.0,neutral,0.48286885023117065
762,2,362,330654991,LevoParadoxPPOHybrid,0.0,neutral,0.4818005859851837
763,2,363,2117986561,LevoParadoxPPOHybrid,-3.0,overconfident,0.4876437187194824
764,2,364,1745610389,LevoParadoxPPOHybrid,0.0,neutral,0.48265746235847473
765,2,365,1935491097,LevoParadoxPPOHybrid,0.8,neutral,0.481283962726593
766,2,366,816460352,LevoParadoxPPOHybrid,0.0,neutral,0.48329493403434753
767,2,367,2034287239,LevoParadoxPPOHybrid,0.0,neutral,0.4829106330871582
768,2,368,1494357375,LevoParadoxPPOHybrid,0.8,neutral,0.48519960045814514
769,2,369,525099930,LevoParadoxPPOHybrid,0.8,neutral,0.48731231689453125
770,2,370,461861420,LevoParadoxPPOHybrid,0.8,neutral,0.4886108636856079
771,2,371,424434369,LevoParadoxPPOHybrid,0.0,neutral,0.48417460918426514
772,2,372,1696040440,LevoParadoxPPOHybrid,0.0,neutral,0.48826003074645996
773,2,373,1327732050,LevoParadoxPPOHybrid,0.8,neutral,0.48468780517578125
774,2,374,1275639253,LevoParadoxPPOHybrid,0.8,neutral,0.48519960045814514
775,2,375,180175624,LevoParadoxPPOHybrid,0.0,neutral,0.48731231689453125
776,2,376,853325992,LevoParadoxPPOHybrid,1.2,neutral,0.48919999599456787
777,2,377,35314844,LevoParadoxPPOHybrid,0.0,neutral,0.4842897355556488
778,2,378,512421119,LevoParadoxPPOHybrid,-0.8,overcautious,0.48792359232902527
779,2,379,1818877815,LevoParadoxPPOHybrid,0.0,neutral,0.4842897355556488
780,2,380,244612068,LevoParadoxPPOHybrid,0.8,neutral,0.48738181591033936
781,2,381,438090890,LevoParadoxPPOHybrid,0.8,neutral,0.4872293472290039
782,2,382,71908212,LevoParadoxPPOHybrid,0.0,neutral,0.4857252836227417
783,2,383,763979621,LevoParadoxPPOHybrid,0.0,neutral,0.4857252836227417
784,2,384,492409950,LevoParadoxPPOHybrid,0.8,neutral,0.4872293472290039
785,2,385,1939330706,LevoParadoxPPOHybrid,-3.0,overconfident,0.48516950011253357
786,2,386,304266562,LevoParadoxPPOHybrid,0.8,neutral,0.4857252836227417
787,2,387,1839152413,LevoParadoxPPOHybrid,0.8,neutral,0.48519960045814514
788,2,388,1584964798,LevoParadoxPPOHybrid,0.8,neutral,0.48738181591033936
789,2,389,1705345529,LevoParadoxPPOHybrid,0.0,neutral,0.48468780517578125
790,2,390,530680927,LevoParadoxPPOHybrid,0.0,neutral,0.48826003074645996
791,2,391,601158382,LevoParadoxPPOHybrid,-3.0,overconfident,0.4865123927593231
792,2,392,661312537,LevoParadoxPPOHybrid,0.8,neutral,0.4886108636856079
793,2,393,1099910893,LevoParadoxPPOHybrid,0.8,neutral,0.48417460918426514
794,2,394,1777836792,LevoParadoxPPOHybrid,1.2,neutral,0.4865123927593231
795,2,395,320819501,LevoParadoxPPOHybrid,0.0,neutral,0.48519960045814514
796,2,396,1262930064,LevoParadoxPPOHybrid,0.0,neutral,0.48468780517578125
797,2,397,1476382876,LevoParadoxPPOHybrid,0.8,neutral,0.48468780517578125
798,2,398,229480971,LevoParadoxPPOHybrid,0.0,neutral,0.48731231689453125
799,2,399,1346765522,LevoParadoxPPOHybrid,0.0,neutral,0.48731231689453125
800,3,0,1015467875,LevoParadoxPPOHybrid,0.49029308438457947,neutral,0.48342037200927734
801,3,1,871703027,LevoParadoxPPOHybrid,0.2583186351063763,neutral,0.48847508430480957
802,3,2,1121193219,LevoParadoxPPOHybrid,-0.9285687801394484,overcautious,0.4896336793899536
803,3,3,1844331605,LevoParadoxPPOHybrid,1.268712954493355,neutral,0.4856588840484619
804,3,4,376821421,LevoParadoxPPOHybrid,-2.1540989698282287,overconfident,0.49011749029159546
805,3,5,1528947293,LevoParadoxPPOHybrid,1.9236203197456223,neutral,0.49011749029159546
806,3,6,1457385050,LevoParadoxPPOHybrid,-0.388878696540991,neutral,0.48847508430480957
807,3,7,1930833205,LevoParadoxPPOHybrid,1.8947708652049988,neutral,0.4878310561180115
808,3,8,331658631,LevoParadoxPPOHybrid,-0.34637226145235095,overcautious,0.48912549018859863
809,3,9,1392760183,LevoParadoxPPOHybrid,-1.7470900488231007,overconfident,0.48763468861579895
810,3,10,1410154195,LevoParadoxPPOHybrid,0.37503834948416703,neutral,0.48973292112350464
811,3,11,1330897656,LevoParadoxPPOHybrid,1.9046013636486836,neutral,0.49011749029159546
812,3,12,755426389,LevoParadoxPPOHybrid,-0.08449315822425026,neutral,0.4876002371311188
813,3,13,478344337,LevoParadoxPPOHybrid,-0.20334804248604185,neutral,0.48973292112350464
814,3,14,2135473267,LevoParadoxPPOHybrid,-0.321538017298501,neutral,0.48342037200927734
815,3,15,1381920965,LevoParadoxPPOHybrid,-0.8946149359899849,neutral,0.4856588840484619
816,3,16,790353978,LevoParadoxPPOHybrid,0.805089675891586,neutral,0.48261088132858276
817,3,17,886917887,LevoParadoxPPOHybrid,-2.0434560465424223,overconfident,0.48763468861579895
818,3,18,1326287162,LevoParadoxPPOHybrid,0.35056089697345333,neutral,0.4878310561180115
819,3,19,132467973,LevoParadoxPPOHybrid,0.7640856467236494,neutral,0.49011749029159546
820,3,20,896694920,LevoParadoxPPOHybrid,0.6314368917416728,neutral,0.48973292112350464
821,3,21,265295982,LevoParadoxPPOHybrid,0.472286750236512,neutral,0.48261088132858276
822,3,22,188123431,LevoParadoxPPOHybrid,0.7270211373649718,neutral,0.4841948449611664
823,3,23,1385912200,LevoParadoxPPOHybrid,0.5742713840510624,neutral,0.48847508430480957
824,3,24,449987729,LevoParadoxPPOHybrid,0.150792838879278,neutral,0.4853600561618805
825,3,25,593302824,LevoParadoxPPOHybrid,-0.045015931355259255,neutral,0.48763468861579895
826,3,26,194879931,LevoParadoxPPOHybrid,0.17815411284413574,neutral,0.4832690358161926
827,3,27,1758518115,LevoParadoxPPOHybrid,1.045585673873838,neutral,0.49009424448013306
828,3,28,1545311517,LevoParadoxPPOHybrid,0.1627856125489353,neutral,0.4856588840484619
829,3,29,562603550,LevoParadoxPPOHybrid,1.2183364147364109,neutral,0.48261088132858276
830,3,30,1059808449,LevoParadoxPPOHybrid,1.2917831804345576,neutral,0.48261088132858276
831,3,31,614383066,LevoParadoxPPOHybrid,0.016342221885410586,neutral,0.48973292112350464
832,3,32,1192512057,LevoParadoxPPOHybrid,-0.5442359769557571,overcautious,0.48912549018859863
833,3,33,950581637,LevoParadoxPPOHybrid,-0.8977958223217277,neutral,0.48956099152565
834,3,34,1863772308,LevoParadoxPPOHybrid,0.45308998140979106,neutral,0.48973292112350464
835,3,35,1007304414,LevoParadoxPPOHybrid,0.5254077508874286,neutral,0.48956099152565
836,3,36,809066309,LevoParadoxPPOHybrid,-1.1110986321443062,overcautious,0.4853600561618805
837,3,37,1514006645,LevoParadoxPPOHybrid,-0.3418469151415457,neutral,0.48763468861579895
838,3,38,1146495174,LevoParadoxPPOHybrid,-0.2942163006184566,neutral,0.48847508430480957
839,3,39,1859928275,LevoParadoxPPOHybrid,2.5861061474664324,neutral,0.48912549018859863
840,3,40,303035184,LevoParadoxPPOHybrid,2.2035140269583504,neutral,0.4896336793899536
841,3,41,1724145893,LevoParadoxPPOHybrid,0.9938873972881753,neutral,0.4878310561180115
842,3,42,1035035036,LevoParadoxPPOHybrid,2.053749158155912,neutral,0.4853600561618805
843,3,43,278635683,LevoParadoxPPOHybrid,1.54230006707985,neutral,0.4896336793899536
844,3,44,377801781,LevoParadoxPPOHybrid,2.2669636777741404,neutral,0.48912549018859863
845,3,45,1487506785,LevoParadoxPPOHybrid,0.5730128127334602,neutral,0.4841948449611664
846,3,46,766738768,LevoParadoxPPOHybrid,1.7451958636224911,neutral,0.48763468861579895
847,3,47,1469590444,LevoParadoxPPOHybrid,-0.11980525970062122,neutral,0.4856588840484619
848,3,48,1527511243,LevoParadoxPPOHybrid,0.47426746416333615,neutral,0.4882761538028717
849,3,49,1889868992,LevoParadoxPPOHybrid,0.18740335053313484,neutral,0.48342037200927734
850,3,50,808836466,LevoParadoxPPOHybrid,1.4424045317149554,neutral,0.48342037200927734
851,3,51,880209119,LevoParadoxPPOHybrid,-0.41698242562591825,neutral,0.4856588840484619
852,3,52,2069774123,LevoParadoxPPOHybrid,1.1358277140176187,neutral,0.48973292112350464
853,3,53,59978537,LevoParadoxPPOHybrid,1.2273143926451668,neutral,0.48261088132858276
854,3,54,268314216,LevoParadoxPPOHybrid,1.1038476892173612,neutral,0.49011749029159546
855,3,55,786773386,LevoParadoxPPOHybrid,1.2293653945237177,neutral,0.48973292112350464
856,3,56,1078804137,LevoParadoxPPOHybrid,1.9968823651873315,neutral,0.4896336793899536
857,3,57,88529032,LevoParadoxPPOHybrid,0.9139455244229703,neutral,0.48261088132858276
858,3,58,733437594,LevoParadoxPPOHybrid,0.9998437802015792,neutral,0.4832690358161926
859,3,59,1895500654,LevoParadoxPPOHybrid,1.1147969815448564,neutral,0.4832690358161926
860,3,60,1156794677,LevoParadoxPPOHybrid,0.2822839034147425,neutral,0.4878310561180115
861,3,61,1733698348,LevoParadoxPPOHybrid,1.1083787111148988,neutral,0.48261088132858276
862,3,62,1987643195,LevoParadoxPPOHybrid,1.6494336690825908,neutral,0.48973292112350464
863,3,63,968829821,LevoParadoxPPOHybrid,-1.3638653475842197,overcautious,0.4896336793899536
864,3,64,2125839782,LevoParadoxPPOHybrid,-0.2783466794080766,neutral,0.4832690358161926
865,3,65,1588322590,LevoParadoxPPOHybrid,2.2909286951175467,neutral,0.4859134256839752
866,3,66,956367808,LevoParadoxPPOHybrid,-0.13769164780464407,neutral,0.49011749029159546
867,3,67,2135886715,LevoParadoxPPOHybrid,0.9020338710094363,neutral,0.48261088132858276
868,3,68,705297723,LevoParadoxPPOHybrid,2.267886356355249,neutral,0.48912549018859863
869,3,69,493712258,LevoParadoxPPOHybrid,0.07995221270930497,neutral,0.4876002371311188
870,3,70,75420035,LevoParadoxPPOHybrid,1.2007933704297795,neutral,0.4856588840484619
871,3,71,1867815399,LevoParadoxPPOHybrid,-1.475944225695721,overconfident,0.4882761538028717
872,3,72,509860178,LevoParadoxPPOHybrid,-1.0158303213136595,neutral,0.48973292112350464
873,3,73,687658415,LevoParadoxPPOHybrid,-0.044455013110146525,neutral,0.48956099152565
874,3,74,319346835,LevoParadoxPPOHybrid,1.1336872360109915,neutral,0.49009424448013306
875,3,75,985914893,LevoParadoxPPOHybrid,-1.1520970521006983,overconfident,0.49011749029159546
876,3,76,456914363,LevoParadoxPPOHybrid,-0.5563823345326576,neutral,0.48847508430480957
877,3,77,1903234235,LevoParadoxPPOHybrid,-0.6168972120738625,neutral,0.48973292112350464
878,3,78,1104964239,LevoParadoxPPOHybrid,-0.5537494140426967,neutral,0.4859134256839752
879,3,79,800272976,LevoParadoxPPOHybrid,1.0014376600959138,neutral,0.48763468861579895
880,3,80,514077870,LevoParadoxPPOHybrid,1.348889466402683,neutral,0.4878310561180115
881,3,81,2084198909,LevoParadoxPPOHybrid,1.1757541313429112,neutral,0.48973292112350464
882,3,82,909365514,LevoParadoxPPOHybrid,1.6573741369785153,neutral,0.4832690358161926
883,3,83,1338386269,LevoParadoxPPOHybrid,-2.0258053677846037,overconfident,0.4882761538028717
884,3,84,947429886,LevoParadoxPPOHybrid,0.6408681653569512,neutral,0.48342037200927734
885,3,85,58590834,LevoParadoxPPOHybrid,1.324978671615042,neutral,0.49009424448013306
886,3,86,684669113,LevoParadoxPPOHybrid,0.7636384160065989,neutral,0.48973292112350464
887,3,87,898917724,LevoParadoxPPOHybrid,-1.2982161592441008,overcautious,0.48912549018859863
888,3,88,548630351,LevoParadoxPPOHybrid,-0.2270660769418316,neutral,0.4832690358161926
889,3,89,1616758964,LevoParadoxPPOHybrid,1.9765640849812711,neutral,0.49011749029159546
890,3,90,2082505679,LevoParadoxPPOHybrid,-0.6935378671763233,neutral,0.4841948449611664
891,3,91,741581883,LevoParadoxPPOHybrid,-0.0517050103645994,neutral,0.48847508430480957
892,3,92,393553070,LevoParadoxPPOHybrid,-1.66724885658832,overconfident,0.48763468861579895
893,3,93,890404536,LevoParadoxPPOHybrid,0.11880035600180827,neutral,0.48847508430480957
894,3,94,179225205,LevoParadoxPPOHybrid,1.1151171438000786,neutral,0.48912549018859863
895,3,95,852483643,LevoParadoxPPOHybrid,1.0428840098478962,neutral,0.4878310561180115
896,3,96,596549345,LevoParadoxPPOHybrid,1.0439902976490092,neutral,0.4859134256839752
897,3,97,1246421089,LevoParadoxPPOHybrid,1.363801434612391,neutral,0.48763468861579895
898,3,98,505921964,LevoParadoxPPOHybrid,-1.858527642939623,overconfident,0.49011749029159546
899,3,99,1670483738,LevoParadoxPPOHybrid,2.368154360450977,neutral,0.4896336793899536
900,3,100,598294997,LevoParadoxPPOHybrid,1.318673479308487,neutral,0.4878310561180115
901,3,101,1370406670,LevoParadoxPPOHybrid,-0.6009999531995625,overcautious,0.48912549018859863
902,3,102,1690182943,LevoParadoxPPOHybrid,0.4903581932462463,neutral,0.4882761538028717
903,3,103,1763960416,LevoParadoxPPOHybrid,0.10068445791849981,neutral,0.4878310561180115
904,3,104,1645746969,LevoParadoxPPOHybrid,0.4513871460018203,neutral,0.4882761538028717
905,3,105,820931753,LevoParadoxPPOHybrid,0.962884542235,neutral,0.4878310561180115
906,3,106,1937660724,LevoParadoxPPOHybrid,0.20491593125696084,neutral,0.48763468861579895
907,3,107,536112434,LevoParadoxPPOHybrid,-0.6515974640687232,neutral,0.4859134256839752
908,3,108,852564596,LevoParadoxPPOHybrid,1.9825755691164177,neutral,0.49011749029159546
909,3,109,2109579034,LevoParadoxPPOHybrid,0.849483274776245,neutral,0.4876002371311188
910,3,110,1119218651,LevoParadoxPPOHybrid,2.36103349569904,neutral,0.48912549018859863
911,3,111,1171844126,LevoParadoxPPOHybrid,0.6209249958307298,neutral,0.4896336793899536
912,3,112,1066832,LevoParadoxPPOHybrid,-1.592546479482495,overconfident,0.48763468861579895
913,3,113,2039855300,LevoParadoxPPOHybrid,-1.504881615380498,overconfident,0.49011749029159546
914,3,114,1830413706,LevoParadoxPPOHybrid,0.6645794180980706,neutral,0.48973292112350464
915,3,115,1536434038,LevoParadoxPPOHybrid,-2.4062797861421963,overconfident,0.48763468861579895
916,3,116,204181968,LevoParadoxPPOHybrid,0.6050677080581792,neutral,0.4841948449611664
917,3,117,782074719,LevoParadoxPPOHybrid,0.5091854411977584,neutral,0.48342037200927734
918,3,118,1683677695,LevoParadoxPPOHybrid,-0.13301843465527774,neutral,0.4882761538028717
919,3,119,811003462,LevoParadoxPPOHybrid,0.23188393912158678,neutral,0.48973292112350464
920,3,120,1843531798,LevoParadoxPPOHybrid,-2.1411527352505653,overconfident,0.4882761538028717
921,3,121,244956048,LevoParadoxPPOHybrid,-3.0,overconfident,0.4882761538028717
922,3,122,521744775,LevoParadoxPPOHybrid,1.2719310359187297,neutral,0.48973292112350464
923,3,123,137476059,LevoParadoxPPOHybrid,-0.01526260625040965,overcautious,0.4896336793899536
924,3,124,1493249395,LevoParadoxPPOHybrid,0.7601033690157201,neutral,0.48342037200927734
925,3,125,1658377656,LevoParadoxPPOHybrid,-0.0057138258475040145,neutral,0.48847508430480957
926,3,126,1598149764,LevoParadoxPPOHybrid,-0.7555320294233012,overcautious,0.4896336793899536
927,3,127,1973871594,LevoParadoxPPOHybrid,-0.17183341968445853,neutral,0.48342037200927734
928,3,128,1575988774,LevoParadoxPPOHybrid,1.1486204800254285,neutral,0.4878310561180115
929,3,129,352160276,LevoParadoxPPOHybrid,-0.09552234063130116,overcautious,0.4896336793899536
930,3,130,1951098323,LevoParadoxPPOHybrid,-0.30943551223890026,overcautious,0.4896336793899536
931,3,131,496971788,LevoParadoxPPOHybrid,0.12521537161674298,neutral,0.48342037200927734
932,3,132,1527624590,LevoParadoxPPOHybrid,0.27854327915885413,neutral,0.4859134256839752
933,3,133,400244675,LevoParadoxPPOHybrid,0.4690883568339111,neutral,0.48261088132858276
934,3,134,386029926,LevoParadoxPPOHybrid,1.6115419185654172,neutral,0.48847508430480957
935,3,135,573115058,LevoParadoxPPOHybrid,0.3348870252362766,neutral,0.4878310561180115
936,3,136,575530726,LevoParadoxPPOHybrid,-0.4869844334164761,neutral,0.4878310561180115
937,3,137,1964806113,LevoParadoxPPOHybrid,1.646603023563101,neutral,0.48956099152565
938,3,138,1773149752,LevoParadoxPPOHybrid,-1.4756296842408974,overcautious,0.4853600561618805
939,3,139,1241865463,LevoParadoxPPOHybrid,0.7525970473504748,neutral,0.4856588840484619
940,3,140,330338515,LevoParadoxPPOHybrid,0.14435952462764418,neutral,0.49011749029159546
941,3,141,761423743,LevoParadoxPPOHybrid,1.498481325424641,neutral,0.48912549018859863
942,3,142,455706626,LevoParadoxPPOHybrid,-0.4525828220379003,neutral,0.48342037200927734
943,3,143,1509528211,LevoParadoxPPOHybrid,0.26559561736173787,neutral,0.48847508430480957
944,3,144,1356675324,LevoParadoxPPOHybrid,-3.0,overconfident,0.48763468861579895
945,3,145,567724229,LevoParadoxPPOHybrid,-1.9704376301344195,overconfident,0.48763468861579895
946,3,146,490459625,LevoParadoxPPOHybrid,-0.4252469944816251,neutral,0.48973292112350464
947,3,147,1407038082,LevoParadoxPPOHybrid,-0.4074473579795859,neutral,0.4832690358161926
948,3,148,247701853,LevoParadoxPPOHybrid,0.8320849787931718,neutral,0.48261088132858276
949,3,149,1656318998,LevoParadoxPPOHybrid,-1.844959510594005,overconfident,0.49011749029159546
950,3,150,1050418889,LevoParadoxPPOHybrid,-1.712401117846471,overconfident,0.4882761538028717
951,3,151,1647828121,LevoParadoxPPOHybrid,-2.585520438420843,overconfident,0.49011749029159546
952,3,152,1665251223,LevoParadoxPPOHybrid,0.4598923759613715,neutral,0.48956099152565
953,3,153,1158119200,LevoParadoxPPOHybrid,-0.3010780110926538,neutral,0.4882761538028717
954,3,154,1745086003,LevoParadoxPPOHybrid,1.3934767393490588,neutral,0.49011749029159546
955,3,155,1329952935,LevoParadoxPPOHybrid,0.4028712963253857,neutral,0.48847508430480957
956,3,156,129216577,LevoParadoxPPOHybrid,1.6226525683891055,neutral,0.48973292112350464
957,3,157,264447624,LevoParadoxPPOHybrid,-0.2925163838635117,neutral,0.48956099152565
958,3,158,1239906804,LevoParadoxPPOHybrid,-0.3826083405585227,neutral,0.4878310561180115
959,3,159,1968251934,LevoParadoxPPOHybrid,-3.0,overconfident,0.4882761538028717
960,3,160,1710361518,LevoParadoxPPOHybrid,0.24410679553415088,neutral,0.4859134256839752
961,3,161,1919087800,LevoParadoxPPOHybrid,1.3080289495019592,neutral,0.48261088132858276
962,3,162,1038210496,LevoParadoxPPOHybrid,-0.795060643378411,neutral,0.4878310561180115
963,3,163,1786593305,LevoParadoxPPOHybrid,-0.4133444185482581,neutral,0.48956099152565
964,3,164,2098346951,LevoParadoxPPOHybrid,0.37264748440059975,neutral,0.4876002371311188
965,3,165,1526904777,LevoParadoxPPOHybrid,0.24330040162795474,neutral,0.4853600561618805
966,3,166,1540522504,LevoParadoxPPOHybrid,0.3133023273996773,neutral,0.4841948449611664
967,3,167,2109348201,LevoParadoxPPOHybrid,0.6798652475070099,neutral,0.4832690358161926
968,3,168,1132622124,LevoParadoxPPOHybrid,-0.6901294612165475,overcautious,0.4896336793899536
969,3,169,1615465936,LevoParadoxPPOHybrid,-2.3064563431034584,overconfident,0.49011749029159546
970,3,170,364326948,LevoParadoxPPOHybrid,1.0815486952393436,neutral,0.4876002371311188
971,3,171,1220814450,LevoParadoxPPOHybrid,0.8723429375012457,neutral,0.4841948449611664
972,3,172,731873456,LevoParadoxPPOHybrid,0.612363357663838,neutral,0.4859134256839752
973,3,173,1247536227,LevoParadoxPPOHybrid,-0.8071191221540742,neutral,0.48261088132858276
974,3,174,1337517349,LevoParadoxPPOHybrid,-0.04748141792384848,neutral,0.48956099152565
975,3,175,988735470,LevoParadoxPPOHybrid,-0.22941818391398483,neutral,0.49009424448013306
976,3,176,624782456,LevoParadoxPPOHybrid,0.20896413148081383,neutral,0.49009424448013306
977,3,177,1614653143,LevoParadoxPPOHybrid,-0.4293029498830948,neutral,0.4856588840484619
978,3,178,1500038813,LevoParadoxPPOHybrid,1.1161432423615547,neutral,0.4856588840484619
979,3,179,2130149343,LevoParadoxPPOHybrid,-0.6482581247171009,neutral,0.4832690358161926
980,3,180,132980447,LevoParadoxPPOHybrid,-1.6670530094964546,neutral,0.4896336793899536
981,3,181,1952726781,LevoParadoxPPOHybrid,-2.434336344440533,overconfident,0.48763468861579895
982,3,182,555625828,LevoParadoxPPOHybrid,0.7003550926274642,neutral,0.4876002371311188
983,3,183,498814370,LevoParadoxPPOHybrid,-0.2862536747479175,neutral,0.48261088132858276
984,3,184,206366738,LevoParadoxPPOHybrid,0.8775826217617475,neutral,0.48956099152565
985,3,185,400273478,LevoParadoxPPOHybrid,-0.2835608641021956,neutral,0.4832690358161926
986,3,186,670771760,LevoParadoxPPOHybrid,0.14429033269177619,neutral,0.4859134256839752
987,3,187,1820812129,LevoParadoxPPOHybrid,1.1935862197370715,neutral,0.48956099152565
988,3,188,1243239295,LevoParadoxPPOHybrid,-1.127181247498464,overcautious,0.4853600561618805
989,3,189,1980464422,LevoParadoxPPOHybrid,0.2808684424586057,neutral,0.4856588840484619
990,3,190,1156736002,LevoParadoxPPOHybrid,-0.28270551923738596,neutral,0.48956099152565
991,3,191,1697044130,LevoParadoxPPOHybrid,0.4826422855105287,neutral,0.48912549018859863
992,3,192,562498219,LevoParadoxPPOHybrid,0.07891803981678115,neutral,0.4859134256839752
993,3,193,1878178784,LevoParadoxPPOHybrid,0.20228392169117065,neutral,0.48956099152565
994,3,194,2065152970,LevoParadoxPPOHybrid,1.3065279618298171,neutral,0.48261088132858276
995,3,195,775550551,LevoParadoxPPOHybrid,0.7688120776761941,neutral,0.4876002371311188
996,3,196,1056375082,LevoParadoxPPOHybrid,2.643885410414239,neutral,0.48912549018859863
997,3,197,1600998019,LevoParadoxPPOHybrid,0.04270551606696389,neutral,0.4853600561618805
998,3,198,1027113059,LevoParadoxPPOHybrid,0.6819952539956415,neutral,0.48763468861579895
999,3,199,609138227,LevoParadoxPPOHybrid,1.2826738383017549,neutral,0.4876002371311188
1000,3,200,122699067,LevoParadoxPPOHybrid,1.4645920019362932,neutral,0.4882761538028717
1001,3,201,365381056,LevoParadoxPPOHybrid,0.1175398932744254,neutral,0.49011749029159546
1002,3,202,1238636582,LevoParadoxPPOHybrid,1.5278968205399832,neutral,0.4853600561618805
1003,3,203,1658289347,LevoParadoxPPOHybrid,-2.3608989109395417,overconfident,0.4882761538028717
1004,3,204,1322727040,LevoParadoxPPOHybrid,-0.5812129563754665,neutral,0.49009424448013306
1005,3,205,2126230739,LevoParadoxPPOHybrid,0.055286863165256224,neutral,0.4856588840484619
1006,3,206,289701504,LevoParadoxPPOHybrid,-0.6531967872653202,neutral,0.4832690358161926
1007,3,207,1261784629,LevoParadoxPPOHybrid,0.1842492194028491,neutral,0.48342037200927734
1008,3,208,1377412115,LevoParadoxPPOHybrid,0.6245206594688067,neutral,0.48763468861579895
1009,3,209,1724786786,LevoParadoxPPOHybrid,0.8985310433229601,neutral,0.48956099152565
1010,3,210,89300232,LevoParadoxPPOHybrid,0.6123175354440541,neutral,0.48261088132858276
1011,3,211,1017426355,LevoParadoxPPOHybrid,1.4029986467083133,neutral,0.48261088132858276
1012,3,212,1395142654,LevoParadoxPPOHybrid,1.3212883154759467,neutral,0.48763468861579895
1013,3,213,939770990,LevoParadoxPPOHybrid,0.3690192392322482,neutral,0.48847508430480957
1014,3,214,1446797165,LevoParadoxPPOHybrid,2.042922515816966,neutral,0.48912549018859863
1015,3,215,464152649,LevoParadoxPPOHybrid,0.66230012650082,neutral,0.48956099152565
1016,3,216,495168830,LevoParadoxPPOHybrid,2.231253447189229,neutral,0.4853600561618805
1017,3,217,1239321323,LevoParadoxPPOHybrid,0.7971781308027754,neutral,0.4832690358161926
1018,3,218,1388207032,LevoParadoxPPOHybrid,0.19859386994917153,neutral,0.4841948449611664
1019,3,219,1731639298,LevoParadoxPPOHybrid,-0.01593363519287893,neutral,0.48261088132858276
1020,3,220,1605648698,LevoParadoxPPOHybrid,0.5776867006145332,neutral,0.4841948449611664
1021,3,221,281650086,LevoParadoxPPOHybrid,0.1894277803351234,neutral,0.4832690358161926
1022,3,222,931350263,LevoParadoxPPOHybrid,0.98787063742711,neutral,0.4841948449611664
1023,3,223,691328288,LevoParadoxPPOHybrid,0.0743356805063284,neutral,0.48261088132858276
1024,3,224,633318446,LevoParadoxPPOHybrid,1.8361888649880167,neutral,0.48833152651786804
1025,3,225,1081427988,LevoParadoxPPOHybrid,0.1338333666167951,neutral,0.49327588081359863
1026,3,226,115545717,LevoParadoxPPOHybrid,1.360667887399388,neutral,0.48658421635627747
1027,3,227,309528326,LevoParadoxPPOHybrid,-1.4173429922782725,overcautious,0.49301716685295105
1028,3,228,396994132,LevoParadoxPPOHybrid,0.22439107870340078,neutral,0.49331241846084595
1029,3,229,1235689954,LevoParadoxPPOHybrid,0.266905886575473,neutral,0.489418625831604
1030,3,230,992703584,LevoParadoxPPOHybrid,0.3321246635033697,neutral,0.49285888671875
1031,3,231,1080333835,LevoParadoxPPOHybrid,1.6931666633730826,neutral,0.4898187220096588
1032,3,232,610075266,LevoParadoxPPOHybrid,0.1761494721175345,neutral,0.49076247215270996
1033,3,233,131753921,LevoParadoxPPOHybrid,0.543341071924465,neutral,0.4936416745185852
1034,3,234,1547145187,LevoParadoxPPOHybrid,-0.09291703783075383,neutral,0.48658421635627747
1035,3,235,1112526292,LevoParadoxPPOHybrid,0.9173411436063477,neutral,0.4916113317012787
1036,3,236,1114040609,LevoParadoxPPOHybrid,-0.466186548405527,neutral,0.48658421635627747
1037,3,237,9016300,LevoParadoxPPOHybrid,0.5729399550735099,neutral,0.4916086792945862
1038,3,238,2021796480,LevoParadoxPPOHybrid,1.1871455134687214,neutral,0.48658421635627747
1039,3,239,1032777022,LevoParadoxPPOHybrid,1.5605861822412053,neutral,0.49060913920402527
1040,3,240,430409080,LevoParadoxPPOHybrid,0.47291951840375646,neutral,0.486750990152359
1041,3,241,1399360085,LevoParadoxPPOHybrid,-2.6455916936013986,overconfident,0.4898187220096588
1042,3,242,436964639,LevoParadoxPPOHybrid,2.487891437358731,neutral,0.49301716685295105
1043,3,243,1154674875,LevoParadoxPPOHybrid,1.0635383620472745,neutral,0.48833152651786804
1044,3,244,1018060628,LevoParadoxPPOHybrid,0.9310030302878805,neutral,0.4895656704902649
1045,3,245,302524943,LevoParadoxPPOHybrid,0.050867633534433285,neutral,0.489418625831604
1046,3,246,993587315,LevoParadoxPPOHybrid,0.2719540899073052,neutral,0.489418625831604
1047,3,247,821789357,LevoParadoxPPOHybrid,1.6952904194648668,neutral,0.49283483624458313
1048,3,248,2140712286,LevoParadoxPPOHybrid,0.17938752569393754,neutral,0.4895656704902649
1049,3,249,791580549,LevoParadoxPPOHybrid,0.5520582714410324,neutral,0.49327588081359863
1050,3,250,1895531684,LevoParadoxPPOHybrid,-0.2268423785723466,neutral,0.48658421635627747
1051,3,251,245446075,LevoParadoxPPOHybrid,1.4389144622355732,neutral,0.49060913920402527
1052,3,252,528694894,LevoParadoxPPOHybrid,0.2077126290733675,neutral,0.489418625831604
1053,3,253,383543867,LevoParadoxPPOHybrid,-0.5433073101045013,neutral,0.4916113317012787
1054,3,254,507831984,LevoParadoxPPOHybrid,0.7572496251706334,neutral,0.4916113317012787
1055,3,255,1866575340,LevoParadoxPPOHybrid,0.6129199969750596,neutral,0.49285888671875
1056,3,256,1604134655,LevoParadoxPPOHybrid,1.0593717973391175,neutral,0.4866838753223419
1057,3,257,2099757217,LevoParadoxPPOHybrid,-2.40684095296509,overconfident,0.49060913920402527
1058,3,258,113075702,LevoParadoxPPOHybrid,1.5841466214856086,neutral,0.49283483624458313
1059,3,259,1114107496,LevoParadoxPPOHybrid,-0.40426330871151356,neutral,0.49060913920402527
1060,3,260,540143375,LevoParadoxPPOHybrid,-0.3669807746773094,neutral,0.4866838753223419
1061,3,261,1516404,LevoParadoxPPOHybrid,2.304766172762145,neutral,0.49301716685295105
1062,3,262,444535043,LevoParadoxPPOHybrid,1.689358900483771,neutral,0.49060913920402527
1063,3,263,413354163,LevoParadoxPPOHybrid,0.4654184462253926,neutral,0.4916113317012787
1064,3,264,554663744,LevoParadoxPPOHybrid,1.1133992594778106,neutral,0.4936416745185852
1065,3,265,903269569,LevoParadoxPPOHybrid,0.8714377976361631,neutral,0.4916086792945862
1066,3,266,1932585699,LevoParadoxPPOHybrid,0.23303728348539654,neutral,0.49327588081359863
1067,3,267,127998833,LevoParadoxPPOHybrid,-0.3177470682658397,neutral,0.49285888671875
1068,3,268,880556158,LevoParadoxPPOHybrid,1.106183553403016,neutral,0.4916113317012787
1069,3,269,936001589,LevoParadoxPPOHybrid,0.7549588091802616,neutral,0.4936416745185852
1070,3,270,1501301443,LevoParadoxPPOHybrid,0.9736562726861935,neutral,0.4936416745185852
1071,3,271,19383980,LevoParadoxPPOHybrid,0.6944357474098843,neutral,0.49331241846084595
1072,3,272,1157426772,LevoParadoxPPOHybrid,-1.7601137690719457,overconfident,0.49060913920402527
1073,3,273,1952228844,LevoParadoxPPOHybrid,-0.7176220302503407,neutral,0.486750990152359
1074,3,274,1211030371,LevoParadoxPPOHybrid,1.7340914342199532,neutral,0.48833152651786804
1075,3,275,1321059392,LevoParadoxPPOHybrid,-0.8466103390976051,neutral,0.4936416745185852
1076,3,276,1798791588,LevoParadoxPPOHybrid,-1.9097750416271517,overconfident,0.49060913920402527
1077,3,277,1246246285,LevoParadoxPPOHybrid,0.8795901381968463,neutral,0.49285888671875
1078,3,278,457172572,LevoParadoxPPOHybrid,0.4305942352110612,neutral,0.4936416745185852
1079,3,279,448736337,LevoParadoxPPOHybrid,0.6904533826305582,neutral,0.4916113317012787
1080,3,280,1299406706,LevoParadoxPPOHybrid,1.4523638955546416,neutral,0.4895656704902649
1081,3,281,1264773565,LevoParadoxPPOHybrid,0.6735045597096321,neutral,0.49331241846084595
1082,3,282,1354099525,LevoParadoxPPOHybrid,-0.9555847332433495,neutral,0.49285888671875
1083,3,283,372058917,LevoParadoxPPOHybrid,0.7365455977878236,neutral,0.489418625831604
1084,3,284,1037785478,LevoParadoxPPOHybrid,-0.4828807234404753,neutral,0.48658421635627747
1085,3,285,1811624747,LevoParadoxPPOHybrid,0.6071438024245759,neutral,0.4858545958995819
1086,3,286,1038158713,LevoParadoxPPOHybrid,0.6997274493131587,neutral,0.489418625831604
1087,3,287,2093019788,LevoParadoxPPOHybrid,-1.0100227353420415,neutral,0.489418625831604
1088,3,288,212225853,LevoParadoxPPOHybrid,-0.38702110349628943,neutral,0.486750990152359
1089,3,289,780127530,LevoParadoxPPOHybrid,1.3053559696215205,neutral,0.4916113317012787
1090,3,290,708820677,LevoParadoxPPOHybrid,0.6396186228494765,neutral,0.486750990152359
1091,3,291,1943826058,LevoParadoxPPOHybrid,0.5280049650751485,neutral,0.4858545958995819
1092,3,292,1228600845,LevoParadoxPPOHybrid,2.351804957931147,neutral,0.49283483624458313
1093,3,293,1907054980,LevoParadoxPPOHybrid,0.47626137268114643,neutral,0.49285888671875
1094,3,294,684222005,LevoParadoxPPOHybrid,2.0141844440006436,neutral,0.4898187220096588
1095,3,295,1264548661,LevoParadoxPPOHybrid,0.9825214353567251,neutral,0.4898187220096588
1096,3,296,1936568871,LevoParadoxPPOHybrid,-1.105227888104164,overcautious,0.48833152651786804
1097,3,297,1497319181,LevoParadoxPPOHybrid,0.06488571313026902,neutral,0.4916086792945862
1098,3,298,97345709,LevoParadoxPPOHybrid,-0.269915704835884,neutral,0.4916086792945862
1099,3,299,652059175,LevoParadoxPPOHybrid,1.4430543711983108,neutral,0.49331241846084595
1100,3,300,130313659,LevoParadoxPPOHybrid,1.4325859998188804,neutral,0.4936416745185852
1101,3,301,1373428940,LevoParadoxPPOHybrid,0.22583825072159266,neutral,0.4866838753223419
1102,3,302,1763220031,LevoParadoxPPOHybrid,0.5867242898117275,neutral,0.4858545958995819
1103,3,303,766053327,LevoParadoxPPOHybrid,2.286235206364041,neutral,0.49283483624458313
1104,3,304,186108448,LevoParadoxPPOHybrid,1.687379567654013,neutral,0.48833152651786804
1105,3,305,1525727770,LevoParadoxPPOHybrid,-0.2806885114658522,neutral,0.49283483624458313
1106,3,306,1723298298,LevoParadoxPPOHybrid,-2.053392775572538,overconfident,0.4898187220096588
1107,3,307,1809177412,LevoParadoxPPOHybrid,-0.21809959973084328,neutral,0.4916086792945862
1108,3,308,808471678,LevoParadoxPPOHybrid,-0.21586492152146408,neutral,0.48658421635627747
1109,3,309,1012658889,LevoParadoxPPOHybrid,0.659992373614612,neutral,0.489418625831604
1110,3,310,123240018,LevoParadoxPPOHybrid,-0.02788444401156496,neutral,0.49076247215270996
1111,3,311,595923089,LevoParadoxPPOHybrid,-0.45128377826996513,overcautious,0.49283483624458313
1112,3,312,64946568,LevoParadoxPPOHybrid,1.0220192129178896,neutral,0.4866838753223419
1113,3,313,1694054676,LevoParadoxPPOHybrid,3.0,neutral,0.49283483624458313
1114,3,314,1378532479,LevoParadoxPPOHybrid,1.6602005302173342,neutral,0.48833152651786804
1115,3,315,294177744,LevoParadoxPPOHybrid,0.9431097985305882,neutral,0.4866838753223419
1116,3,316,382616457,LevoParadoxPPOHybrid,0.19900701204930193,neutral,0.489418625831604
1117,3,317,654022692,LevoParadoxPPOHybrid,0.5937927035952054,neutral,0.48658421635627747
1118,3,318,1938298404,LevoParadoxPPOHybrid,-1.83814468538334,overconfident,0.4898187220096588
1119,3,319,1251753220,LevoParadoxPPOHybrid,0.25922762062913374,neutral,0.49076247215270996
1120,3,320,164235737,LevoParadoxPPOHybrid,0.9360725189336654,neutral,0.4916113317012787
1121,3,321,1176577515,LevoParadoxPPOHybrid,-0.07777068337054072,neutral,0.4866838753223419
1122,3,322,66131236,LevoParadoxPPOHybrid,0.08199780321756987,neutral,0.4916113317012787
1123,3,323,816614407,LevoParadoxPPOHybrid,1.8730655609120999,neutral,0.48833152651786804
1124,3,324,1678449735,LevoParadoxPPOHybrid,0.5252050183718692,neutral,0.486750990152359
1125,3,325,155847418,LevoParadoxPPOHybrid,-0.02681169897223142,neutral,0.4936416745185852
1126,3,326,385469728,LevoParadoxPPOHybrid,2.376726011756658,neutral,0.49283483624458313
1127,3,327,2122723976,LevoParadoxPPOHybrid,1.4471731631475728,neutral,0.4866838753223419
1128,3,328,1933100203,LevoParadoxPPOHybrid,-2.0497120652466028,overconfident,0.4898187220096588
1129,3,329,650925416,LevoParadoxPPOHybrid,-0.49579878845179687,neutral,0.489418625831604
1130,3,330,1094127659,LevoParadoxPPOHybrid,-0.07141335729505123,neutral,0.48658421635627747
1131,3,331,876865270,LevoParadoxPPOHybrid,-0.5407918798944782,neutral,0.49327588081359863
1132,3,332,1319422772,LevoParadoxPPOHybrid,1.6276730098197536,neutral,0.49301716685295105
1133,3,333,174465858,LevoParadoxPPOHybrid,0.2544404882028042,neutral,0.49076247215270996
1134,3,334,2060489424,LevoParadoxPPOHybrid,0.2477776674203278,neutral,0.4898187220096588
1135,3,335,1621988536,LevoParadoxPPOHybrid,-0.48591510057403453,neutral,0.49331241846084595
1136,3,336,965810292,LevoParadoxPPOHybrid,0.049978842421051245,neutral,0.49301716685295105
1137,3,337,2093565938,LevoParadoxPPOHybrid,2.4772099381580697,neutral,0.49301716685295105
1138,3,338,1650235702,LevoParadoxPPOHybrid,0.1418919856891526,neutral,0.4858545958995819
1139,3,339,511412748,LevoParadoxPPOHybrid,0.6346451568587965,neutral,0.489418625831604
1140,3,340,922611389,LevoParadoxPPOHybrid,-0.8616451980838941,overcautious,0.48833152651786804
1141,3,341,652729866,LevoParadoxPPOHybrid,1.948976720949957,neutral,0.49331241846084595
1142,3,342,221600474,LevoParadoxPPOHybrid,0.9973383239464882,neutral,0.4916113317012787
1143,3,343,31421970,LevoParadoxPPOHybrid,0.02929702365773283,neutral,0.4866838753223419
1144,3,344,1192414163,LevoParadoxPPOHybrid,0.6691241621227473,neutral,0.4916086792945862
1145,3,345,649875877,LevoParadoxPPOHybrid,0.7070359587513864,neutral,0.4895656704902649
1146,3,346,105131269,LevoParadoxPPOHybrid,2.652461124351755,neutral,0.48833152651786804
1147,3,347,156751511,LevoParadoxPPOHybrid,0.6272225859885717,neutral,0.4895656704902649
1148,3,348,761801730,LevoParadoxPPOHybrid,-0.5934301134706246,neutral,0.4895656704902649
1149,3,349,2081080430,LevoParadoxPPOHybrid,0.5738879582462928,neutral,0.4866838753223419
1150,3,350,2015553861,LevoParadoxPPOHybrid,-1.4177993539631866,neutral,0.4895656704902649
1151,3,351,1908286303,LevoParadoxPPOHybrid,1.506092772192412,neutral,0.4895656704902649
1152,3,352,911061556,LevoParadoxPPOHybrid,1.3687399763929848,neutral,0.49285888671875
1153,3,353,34499089,LevoParadoxPPOHybrid,-0.9282651241178062,overcautious,0.49301716685295105
1154,3,354,2098425720,LevoParadoxPPOHybrid,-0.9085834687581021,neutral,0.4936416745185852
1155,3,355,1106840722,LevoParadoxPPOHybrid,-0.24296696671554552,overcautious,0.49301716685295105
1156,3,356,317986024,LevoParadoxPPOHybrid,0.5275187514191623,neutral,0.4916086792945862
1157,3,357,129256349,LevoParadoxPPOHybrid,1.1843746050806352,neutral,0.49327588081359863
1158,3,358,431303789,LevoParadoxPPOHybrid,0.071342761929298,overcautious,0.49301716685295105
1159,3,359,523632446,LevoParadoxPPOHybrid,0.08805085928707428,neutral,0.4858545958995819
1160,3,360,1950687447,LevoParadoxPPOHybrid,0.26743054682592193,neutral,0.49076247215270996
1161,3,361,1411833232,LevoParadoxPPOHybrid,0.8063372079804664,neutral,0.4895656704902649
1162,3,362,690319881,LevoParadoxPPOHybrid,-1.4350170010233716,overconfident,0.49327588081359863
1163,3,363,175246150,LevoParadoxPPOHybrid,0.8602184244464084,neutral,0.49060913920402527
1164,3,364,1182674932,LevoParadoxPPOHybrid,1.7870325658814412,neutral,0.4898187220096588
1165,3,365,393595655,LevoParadoxPPOHybrid,0.049699194185405235,neutral,0.48658421635627747
1166,3,366,1029071917,LevoParadoxPPOHybrid,-0.5707083935878005,neutral,0.48658421635627747
1167,3,367,440607926,LevoParadoxPPOHybrid,0.3759669685649799,neutral,0.48658421635627747
1168,3,368,990295427,LevoParadoxPPOHybrid,0.7107320242384884,neutral,0.4858545958995819
1169,3,369,1533915152,LevoParadoxPPOHybrid,0.1294248189887542,neutral,0.486750990152359
1170,3,370,2028880655,LevoParadoxPPOHybrid,1.0673159176286864,neutral,0.4866838753223419
1171,3,371,1110082952,LevoParadoxPPOHybrid,-0.14934540849956535,neutral,0.489418625831604
1172,3,372,1351612215,LevoParadoxPPOHybrid,0.4566579866558717,neutral,0.489418625831604
1173,3,373,161873384,LevoParadoxPPOHybrid,0.4425368930740302,neutral,0.49331241846084595
1174,3,374,1943568012,LevoParadoxPPOHybrid,-1.0470027903099404,overcautious,0.48833152651786804
1175,3,375,27538724,LevoParadoxPPOHybrid,1.1698618251818689,neutral,0.49327588081359863
1176,3,376,534070892,LevoParadoxPPOHybrid,0.204998638571319,neutral,0.48658421635627747
1177,3,377,1484958114,LevoParadoxPPOHybrid,1.2965587422443934,neutral,0.49285888671875
1178,3,378,1217763652,LevoParadoxPPOHybrid,1.4505600122642395,neutral,0.4898187220096588
1179,3,379,951904837,LevoParadoxPPOHybrid,-0.6140963258839023,neutral,0.4916113317012787
1180,3,380,1611118613,LevoParadoxPPOHybrid,0.7767451020137636,neutral,0.4895656704902649
1181,3,381,518917746,LevoParadoxPPOHybrid,-0.3309841660977714,neutral,0.49285888671875
1182,3,382,64896530,LevoParadoxPPOHybrid,-1.7495881572101664,overconfident,0.49060913920402527
1183,3,383,703323482,LevoParadoxPPOHybrid,0.39758457782113854,neutral,0.49285888671875
1184,3,384,878877531,LevoParadoxPPOHybrid,-0.45663118508894723,neutral,0.49076247215270996
1185,3,385,743424612,LevoParadoxPPOHybrid,0.15881701687226527,neutral,0.4898187220096588
1186,3,386,1611600344,LevoParadoxPPOHybrid,1.1958528378072517,neutral,0.486750990152359
1187,3,387,1653110007,LevoParadoxPPOHybrid,-1.294775431953231,overcautious,0.48833152651786804
1188,3,388,1477247030,LevoParadoxPPOHybrid,0.06359680112012978,neutral,0.49060913920402527
1189,3,389,460418126,LevoParadoxPPOHybrid,2.5444399454267375,neutral,0.49283483624458313
1190,3,390,965728184,LevoParadoxPPOHybrid,-0.5056482391152837,neutral,0.4936416745185852
1191,3,391,800112339,LevoParadoxPPOHybrid,1.3941253259697812,neutral,0.4866838753223419
1192,3,392,1881978705,LevoParadoxPPOHybrid,0.11355250158904308,neutral,0.4858545958995819
1193,3,393,765013452,LevoParadoxPPOHybrid,0.1964416250166414,neutral,0.49331241846084595
1194,3,394,1327556692,LevoParadoxPPOHybrid,0.27807276108114626,neutral,0.49076247215270996
1195,3,395,149816571,LevoParadoxPPOHybrid,0.536807514032734,neutral,0.49331241846084595
1196,3,396,338046121,LevoParadoxPPOHybrid,0.3025212168232634,neutral,0.48833152651786804
1197,3,397,994124776,LevoParadoxPPOHybrid,0.38399826581662966,neutral,0.49076247215270996
1198,3,398,713057376,LevoParadoxPPOHybrid,1.3402040989179698,neutral,0.4866838753223419
1199,3,399,1118891224,LevoParadoxPPOHybrid,-0.48269914185478485,neutral,0.489418625831604
